"id","location","employee_id","role","start_time","end_time","published","note"
42661,3,213,3,"2017-12-21 11:00:00","2017-12-21 23:00:00",1,""
42662,3,213,3,"2017-12-22 17:00:00","2017-12-22 23:00:00",1,""
42663,3,213,3,"2017-12-23 11:00:00","2017-12-23 23:00:00",1,""
42664,3,213,3,"2017-12-24 17:00:00","2017-12-24 20:00:00",1,""
42665,3,232,2,"2017-12-21 18:00:00","2017-12-21 23:00:00",1,""
42666,3,232,2,"2017-12-22 18:00:00","2017-12-22 23:00:00",1,""
42667,3,234,2,"2017-12-18 18:00:00","2017-12-18 21:00:00",1,"店庆吃饭"
42668,3,234,2,"2017-12-23 18:00:00","2017-12-23 23:00:00",1,""
42669,3,234,2,"2017-12-24 18:00:00","2017-12-24 20:00:00",1,""
42670,3,235,2,"2017-12-21 11:00:00","2017-12-21 17:00:00",1,""
42671,3,235,2,"2017-12-22 11:00:00","2017-12-22 17:00:00",1,""
42672,3,235,2,"2017-12-23 11:00:00","2017-12-23 17:00:00",1,""
42673,3,235,2,"2017-12-24 11:00:00","2017-12-24 17:00:00",1,""
42675,3,234,2,"2017-12-22 17:00:00","2017-12-22 22:00:00",1,""
42676,3,245,3,"2017-12-18 11:00:00","2017-12-18 21:00:00",1,"店庆"
42677,3,245,3,"2017-12-20 11:00:00","2017-12-20 23:00:00",1,""
42678,3,245,4,"2017-12-22 10:30:00","2017-12-22 21:00:00",1,""
42679,3,245,4,"2017-12-24 11:00:00","2017-12-24 20:00:00",1,""
42680,3,465,5,"2017-12-18 11:00:00","2017-12-18 15:00:00",1,""
42681,3,465,5,"2017-12-21 11:00:00","2017-12-21 21:00:00",1,"修改时间"
42682,3,465,5,"2017-12-22 11:00:00","2017-12-22 15:00:00",1,""
42683,3,465,5,"2017-12-23 11:00:00","2017-12-23 15:00:00",1,""
42684,3,465,5,"2017-12-24 11:00:00","2017-12-24 15:00:00",1,""
42685,3,517,2,"2017-12-18 10:30:00","2017-12-18 20:00:00",1,""
42686,3,517,2,"2017-12-20 10:30:00","2017-12-20 19:00:00",1,""
42687,3,517,2,"2017-12-22 10:30:00","2017-12-22 16:00:00",1,""
42688,3,517,2,"2017-12-23 10:30:00","2017-12-23 22:00:00",1,""
42689,3,517,2,"2017-12-24 10:30:00","2017-12-24 20:00:00",1,""
42691,3,600,2,"2017-12-18 17:00:00","2017-12-18 21:00:00",1,"店庆吃饭"
42692,3,600,2,"2017-12-20 17:00:00","2017-12-20 23:00:00",1,""
42693,3,600,2,"2017-12-21 17:00:00","2017-12-21 22:00:00",1,""
42694,3,610,2,"2017-12-18 11:00:00","2017-12-18 15:00:00",1,""
42695,3,610,2,"2017-12-19 12:00:00","2017-12-19 23:00:00",1,""
42696,3,610,2,"2017-12-20 12:00:00","2017-12-20 22:00:00",1,""
42697,3,610,2,"2017-12-21 10:30:00","2017-12-21 19:00:00",1,""
42698,3,610,2,"2017-12-22 12:00:00","2017-12-22 21:00:00",1,""
42699,3,622,4,"2017-12-23 10:30:00","2017-12-23 22:30:00",1,""
42700,3,624,8,"2017-12-18 14:00:00","2017-12-18 21:00:00",1,"店庆吃饭"
42701,3,624,8,"2017-12-20 14:00:00","2017-12-20 23:00:00",1,""
42702,3,624,8,"2017-12-21 14:00:00","2017-12-21 23:00:00",1,""
42703,3,624,8,"2017-12-22 14:00:00","2017-12-22 23:00:00",1,""
42704,3,624,8,"2017-12-23 14:30:00","2017-12-23 23:00:00",1,""
42705,3,633,5,"2017-12-18 17:30:00","2017-12-18 21:00:00",1,"店庆修改时间"
42706,3,633,5,"2017-12-22 17:30:00","2017-12-22 22:30:00",1,""
42707,3,633,8,"2017-12-24 14:00:00","2017-12-24 20:00:00",1,""
42711,3,644,2,"2017-12-18 12:00:00","2017-12-18 17:00:00",1,""
42712,3,644,2,"2017-12-19 10:30:00","2017-12-19 22:00:00",1,""
42715,1,62,5,"2017-12-18 23:30:00","2017-12-19 09:30:00",1,""
42718,1,48,8,"2017-12-18 19:30:00","2017-12-19 05:00:00",1,""
42719,1,496,7,"2017-12-18 09:30:00","2017-12-18 14:30:00",1,""
42721,1,272,2,"2017-12-18 08:00:00","2017-12-18 14:00:00",1,""
42723,1,643,2,"2017-12-18 23:00:00","2017-12-19 07:00:00",1,""
42724,1,185,2,"2017-12-18 18:00:00","2017-12-19 02:00:00",1,""
42725,1,63,6,"2017-12-18 23:00:00","2017-12-19 07:00:00",1,""
42726,1,195,2,"2017-12-18 12:00:00","2017-12-18 17:00:00",1,""
42727,1,488,7,"2017-12-18 21:00:00","2017-12-19 01:00:00",1,""
42728,1,614,2,"2017-12-18 17:00:00","2017-12-18 23:00:00",1,""
42729,1,649,8,"2017-12-18 11:00:00","2017-12-18 19:00:00",1,""
42730,1,312,2,"2017-12-18 11:00:00","2017-12-18 15:00:00",1,""
42731,1,227,5,"2017-12-18 11:00:00","2017-12-18 21:00:00",1,""
42733,1,53,7,"2017-12-18 18:00:00","2017-12-18 23:30:00",1,""
42734,1,371,6,"2017-12-18 11:30:00","2017-12-18 23:00:00",1,""
42735,1,64,7,"2017-12-19 18:00:00","2017-12-20 01:00:00",1,""
42738,1,62,5,"2017-12-19 23:00:00","2017-12-20 09:30:00",1,""
42739,1,185,2,"2017-12-19 18:30:00","2017-12-20 01:00:00",1,""
42741,1,312,2,"2017-12-19 11:00:00","2017-12-19 15:00:00",1,""
42742,1,60,2,"2017-12-19 23:00:00","2017-12-20 08:00:00",1,""
42743,1,686,2,"2017-12-19 12:30:00","2017-12-19 17:00:00",1,""
42745,1,63,7,"2017-12-19 22:00:00","2017-12-20 07:00:00",1,""
42747,1,649,8,"2017-12-19 11:00:00","2017-12-19 20:00:00",1,""
42748,1,496,12,"2017-12-19 09:30:00","2017-12-19 14:30:00",1,""
42749,1,473,5,"2017-12-19 11:00:00","2017-12-19 22:00:00",1,""
42750,1,272,2,"2017-12-19 07:00:00","2017-12-19 14:00:00",1,""
42751,1,48,8,"2017-12-19 20:30:00","2017-12-20 05:00:00",1,""
42752,1,550,2,"2017-12-20 22:00:00","2017-12-21 05:00:00",1,""
42753,1,47,3,"2017-12-19 21:00:00","2017-12-20 05:00:00",1,""
42754,1,686,2,"2017-12-20 18:00:00","2017-12-20 23:00:00",1,""
42755,1,43,3,"2017-12-20 16:00:00","2017-12-20 21:00:00",1,""
42757,1,648,6,"2017-12-20 18:00:00","2017-12-20 23:00:00",1,""
42758,1,496,12,"2017-12-20 09:30:00","2017-12-20 14:30:00",1,""
42759,1,185,2,"2017-12-20 18:30:00","2017-12-21 01:00:00",1,""
42760,1,195,2,"2017-12-20 12:00:00","2017-12-20 17:00:00",1,""
42761,1,473,5,"2017-12-20 11:30:00","2017-12-20 23:00:00",1,""
42762,1,53,6,"2017-12-20 11:00:00","2017-12-20 20:00:00",1,""
42763,1,272,2,"2017-12-20 08:00:00","2017-12-20 15:00:00",1,"yoyo有事早退"
42764,1,47,3,"2017-12-20 21:00:00","2017-12-21 05:00:00",1,""
42765,1,99,2,"2017-12-20 12:30:00","2017-12-20 18:30:00",1,""
42767,1,312,2,"2017-12-20 11:00:00","2017-12-20 15:00:00",1,""
42768,1,62,5,"2017-12-20 23:00:00","2017-12-21 09:30:00",1,""
42769,1,649,8,"2017-12-20 11:00:00","2017-12-20 19:00:00",1,""
42770,1,63,6,"2017-12-20 23:00:00","2017-12-21 07:00:00",1,""
42771,1,62,5,"2017-12-21 23:00:00","2017-12-22 09:30:00",1,""
42772,1,643,2,"2017-12-20 23:00:00","2017-12-21 07:00:00",1,""
42773,1,488,12,"2017-12-20 20:00:00","2017-12-21 01:00:00",1,""
42774,1,649,8,"2017-12-21 11:00:00","2017-12-21 20:00:00",1,""
42775,1,629,2,"2017-12-21 12:30:00","2017-12-21 18:00:00",1,""
42776,1,625,2,"2017-12-21 23:00:00","2017-12-22 05:00:00",1,""
42779,1,185,2,"2017-12-21 18:30:00","2017-12-22 01:00:00",1,""
42780,1,496,12,"2017-12-21 09:30:00","2017-12-21 14:30:00",1,""
42781,1,473,12,"2017-12-21 11:00:00","2017-12-21 22:00:00",1,""
42782,1,567,2,"2017-12-21 18:00:00","2017-12-21 23:00:00",1,""
42783,1,272,2,"2017-12-21 07:00:00","2017-12-21 14:00:00",1,""
42784,1,195,2,"2017-12-21 12:00:00","2017-12-21 17:00:00",1,""
42787,1,43,3,"2017-12-21 18:00:00","2017-12-22 05:00:00",1,""
42788,1,99,2,"2017-12-21 17:00:00","2017-12-21 23:00:00",1,""
42791,1,312,2,"2017-12-21 11:00:00","2017-12-21 14:30:00",1,""
42794,1,648,6,"2017-12-21 22:00:00","2017-12-22 07:00:00",1,""
42795,1,60,2,"2017-12-21 23:00:00","2017-12-22 07:00:00",1,""
42799,1,649,8,"2017-12-22 11:00:00","2017-12-22 21:00:00",1,""
42800,1,643,2,"2017-12-22 23:00:00","2017-12-23 06:00:00",1,""
42802,1,60,2,"2017-12-22 23:00:00","2017-12-23 08:00:00",1,""
42803,1,473,5,"2017-12-22 11:30:00","2017-12-22 22:00:00",1,""
42806,1,185,2,"2017-12-22 19:00:00","2017-12-23 02:00:00",1,""
42807,1,99,2,"2017-12-22 17:00:00","2017-12-22 23:00:00",1,""
42808,1,195,2,"2017-12-22 12:00:00","2017-12-22 17:00:00",1,""
42809,1,272,2,"2017-12-22 07:00:00","2017-12-22 14:00:00",1,""
42810,1,62,5,"2017-12-22 23:00:00","2017-12-23 09:30:00",1,""
42811,1,686,2,"2017-12-22 12:00:00","2017-12-22 17:00:00",1,""
42813,1,567,2,"2017-12-22 18:00:00","2017-12-22 23:00:00",1,""
42814,1,312,2,"2017-12-22 11:00:00","2017-12-22 15:00:00",1,""
42815,1,496,12,"2017-12-22 09:30:00","2017-12-22 14:30:00",1,""
42818,1,648,6,"2017-12-22 20:00:00","2017-12-23 06:00:00",1,""
42819,1,625,2,"2017-12-22 22:00:00","2017-12-23 05:00:00",1,""
42821,1,629,2,"2017-12-23 10:30:00","2017-12-23 22:00:00",1,""
42823,1,371,6,"2017-12-23 10:30:00","2017-12-23 23:00:00",1,""
42825,1,656,6,"2017-12-23 11:30:00","2017-12-23 20:00:00",1,""
42826,1,643,2,"2017-12-23 22:00:00","2017-12-24 06:00:00",1,""
42827,1,272,2,"2017-12-23 19:00:00","2017-12-24 02:00:00",1,""
42828,1,492,2,"2017-12-23 18:00:00","2017-12-23 23:00:00",1,""
42829,1,99,2,"2017-12-23 12:30:00","2017-12-23 22:00:00",1,""
42830,1,625,2,"2017-12-23 22:00:00","2017-12-24 05:00:00",1,""
42833,1,227,5,"2017-12-23 12:30:00","2017-12-23 23:00:00",1,""
42834,1,488,7,"2017-12-23 20:00:00","2017-12-24 02:00:00",1,""
42835,1,47,3,"2017-12-23 19:00:00","2017-12-24 05:00:00",1,""
42837,1,60,2,"2017-12-23 23:00:00","2017-12-24 08:00:00",1,""
42838,1,662,10,"2017-12-23 23:00:00","2017-12-24 09:00:00",1,""
42839,1,62,5,"2017-12-23 23:00:00","2017-12-24 09:30:00",1,""
42840,1,53,10,"2017-12-23 09:00:00","2017-12-23 15:00:00",1,""
42842,1,686,2,"2017-12-23 11:30:00","2017-12-23 19:00:00",1,""
42843,1,648,6,"2017-12-23 20:00:00","2017-12-24 06:00:00",1,""
42848,1,686,2,"2017-12-24 12:30:00","2017-12-24 20:00:00",1,""
42853,1,648,6,"2017-12-24 17:00:00","2017-12-25 04:00:00",0,""
42854,1,567,2,"2017-12-24 10:30:00","2017-12-24 17:00:00",1,""
42855,1,53,6,"2017-12-24 11:30:00","2017-12-24 17:00:00",1,""
42856,1,48,8,"2017-12-24 22:00:00","2017-12-25 06:00:00",0,""
42857,1,60,2,"2017-12-24 23:00:00","2017-12-25 08:00:00",0,""
42860,1,371,10,"2017-12-24 12:00:00","2017-12-24 23:00:00",1,""
42861,1,43,3,"2017-12-24 09:30:00","2017-12-24 20:00:00",1,""
42862,1,62,5,"2017-12-24 23:00:00","2017-12-25 09:30:00",0,""
42864,1,496,12,"2017-12-24 09:00:00","2017-12-24 15:00:00",1,""
42865,1,195,2,"2017-12-24 17:00:00","2017-12-24 23:00:00",1,""
42866,1,99,2,"2017-12-24 11:30:00","2017-12-24 22:00:00",1,""
42868,1,99,2,"2017-12-19 17:00:00","2017-12-19 23:00:00",1,""
42869,1,195,2,"2017-12-19 12:00:00","2017-12-19 17:00:00",1,""
42871,1,567,2,"2017-12-19 17:00:00","2017-12-19 22:00:00",1,""
42872,1,614,2,"2017-12-23 08:00:00","2017-12-23 15:00:00",1,""
42873,1,625,2,"2017-12-18 22:00:00","2017-12-19 05:00:00",1,""
42874,1,625,2,"2017-12-19 22:00:00","2017-12-20 06:30:00",1,""
42876,1,643,2,"2017-12-24 22:00:00","2017-12-25 06:00:00",0,""
42877,1,686,2,"2017-12-18 12:30:00","2017-12-18 22:00:00",1,""
42878,1,417,2,"2017-12-20 15:00:00","2017-12-20 22:00:00",1,""
42881,1,417,2,"2017-12-24 08:00:00","2017-12-24 15:00:00",1,""
42882,1,629,2,"2017-12-22 17:00:00","2017-12-22 22:00:00",1,""
42883,1,43,3,"2017-12-22 18:00:00","2017-12-23 05:00:00",1,""
42885,1,48,8,"2017-12-20 19:30:00","2017-12-21 05:00:00",1,""
42886,1,48,8,"2017-12-23 21:30:00","2017-12-24 07:00:00",1,""
42887,1,63,8,"2017-12-21 20:30:00","2017-12-22 05:00:00",1,""
42889,1,64,6,"2017-12-24 17:00:00","2017-12-24 23:00:00",1,""
42890,1,227,5,"2017-12-22 11:00:00","2017-12-22 23:00:00",1,""
42893,1,582,3,"2017-12-23 09:30:00","2017-12-23 19:00:00",1,""
42895,1,627,3,"2017-12-20 09:30:00","2017-12-20 16:00:00",1,""
42896,1,651,6,"2017-12-21 18:00:00","2017-12-22 01:00:00",1,""
42897,1,651,6,"2017-12-22 18:00:00","2017-12-23 01:00:00",1,""
42899,1,656,7,"2017-12-24 23:00:00","2017-12-25 08:00:00",0,""
42900,1,662,10,"2017-12-22 23:00:00","2017-12-23 09:00:00",1,""
42901,1,705,3,"2017-12-18 09:30:00","2017-12-18 16:00:00",1,""
42903,3,644,2,"2017-12-20 11:00:00","2017-12-20 15:00:00",1,""
42904,3,647,8,"2017-12-19 15:00:00","2017-12-19 23:00:00",1,""
42905,3,647,4,"2017-12-20 10:30:00","2017-12-20 15:00:00",1,"店长修改时间"
42906,3,647,4,"2017-12-21 10:30:00","2017-12-21 22:30:00",1,"店长修改时间"
42907,3,647,4,"2017-12-24 10:30:00","2017-12-24 20:00:00",1,""
42908,3,647,4,"2017-12-18 10:30:00","2017-12-18 21:00:00",1,"修改时间"
42909,3,652,5,"2017-12-19 11:00:00","2017-12-19 15:00:00",1,""
42910,3,652,5,"2017-12-19 17:00:00","2017-12-19 22:30:00",1,""
42914,3,699,4,"2017-12-19 11:00:00","2017-12-19 21:00:00",1,""
42915,3,699,4,"2017-12-20 11:00:00","2017-12-20 23:00:00",1,""
42916,3,699,4,"2017-12-22 16:00:00","2017-12-22 23:00:00",1,""
42917,3,213,3,"2017-12-19 11:00:00","2017-12-19 23:00:00",1,""
42918,3,633,4,"2017-12-23 17:00:00","2017-12-23 21:00:00",1,""
42919,3,465,4,"2017-12-19 10:30:00","2017-12-19 15:00:00",1,""
42920,3,652,5,"2017-12-20 11:00:00","2017-12-20 15:00:00",1,""
42921,3,652,5,"2017-12-20 17:00:00","2017-12-20 21:30:00",1,""
42923,3,709,2,"2017-12-19 11:00:00","2017-12-19 21:00:00",1,""
42925,3,709,2,"2017-12-21 12:00:00","2017-12-21 17:00:00",1,""
42927,1,47,3,"2017-12-18 20:00:00","2017-12-19 05:00:00",1,""
42928,1,47,3,"2017-12-24 20:00:00","2017-12-25 05:00:00",0,""
42930,1,64,3,"2017-12-22 09:30:00","2017-12-22 18:00:00",1,""
42931,4,551,5,"2017-12-18 22:00:00","2017-12-19 08:00:00",1,""
42932,4,483,4,"2017-12-18 08:00:00","2017-12-18 14:30:00",1,""
42933,4,599,2,"2017-12-18 12:00:00","2017-12-18 21:00:00",1,""
42935,4,630,2,"2017-12-18 08:00:00","2017-12-18 13:30:00",1,""
42937,4,577,3,"2017-12-18 11:00:00","2017-12-18 20:00:00",1,""
42938,4,646,8,"2017-12-18 11:00:00","2017-12-18 14:50:00",1,""
42941,4,660,6,"2017-12-18 16:00:00","2017-12-18 21:00:00",1,""
42942,4,621,2,"2017-12-18 22:00:00","2017-12-19 08:00:00",1,"调班"
42943,4,638,6,"2017-12-18 21:00:00","2017-12-19 02:30:00",1,""
42944,4,290,2,"2017-12-18 00:00:00","2017-12-18 08:00:00",1,""
42945,4,515,3,"2017-12-19 20:00:00","2017-12-20 05:00:00",1,""
42946,4,630,2,"2017-12-19 08:00:00","2017-12-19 13:30:00",1,""
42947,4,551,5,"2017-12-19 22:00:00","2017-12-20 08:00:00",1,""
42949,4,654,5,"2017-12-18 12:00:00","2017-12-18 22:00:00",1,""
42951,4,646,4,"2017-12-19 08:00:00","2017-12-19 14:30:00",1,""
42954,4,626,2,"2017-12-19 12:00:00","2017-12-19 21:00:00",1,""
42956,4,637,2,"2017-12-19 18:30:00","2017-12-20 01:00:00",1,""
42957,4,654,8,"2017-12-20 18:30:00","2017-12-20 23:00:00",1,""
42958,4,403,3,"2017-12-20 11:00:00","2017-12-20 20:00:00",1,""
42959,4,621,2,"2017-12-19 22:00:00","2017-12-20 08:00:00",1,""
42960,4,621,6,"2017-12-20 21:00:00","2017-12-21 02:30:00",1,""
42964,4,483,4,"2017-12-20 08:00:00","2017-12-20 14:30:00",1,""
42965,4,515,3,"2017-12-20 20:00:00","2017-12-21 05:00:00",1,""
42966,4,646,8,"2017-12-20 11:00:00","2017-12-20 14:50:00",1,""
42967,4,626,2,"2017-12-20 12:00:00","2017-12-20 21:00:00",1,""
42968,4,323,5,"2017-12-20 22:00:00","2017-12-21 08:00:00",1,""
42969,4,551,2,"2017-12-20 22:00:00","2017-12-21 08:00:00",1,""
42970,4,599,2,"2017-12-21 12:00:00","2017-12-21 21:00:00",1,""
42972,4,599,6,"2017-12-20 16:00:00","2017-12-20 21:00:00",1,""
42973,4,670,3,"2017-12-21 11:00:00","2017-12-21 20:00:00",1,""
42974,4,646,8,"2017-12-21 11:00:00","2017-12-21 14:50:00",1,""
42975,4,654,5,"2017-12-21 12:00:00","2017-12-21 22:00:00",1,""
42976,4,323,5,"2017-12-21 22:00:00","2017-12-22 08:00:00",1,""
42977,4,660,6,"2017-12-21 16:00:00","2017-12-21 21:00:00",1,""
42978,4,630,2,"2017-12-21 08:00:00","2017-12-21 13:30:00",1,""
42979,4,483,4,"2017-12-21 08:00:00","2017-12-21 14:30:00",1,""
42980,4,557,2,"2017-12-21 22:00:00","2017-12-22 08:00:00",1,""
42981,4,515,3,"2017-12-21 20:00:00","2017-12-22 05:00:00",1,""
42983,4,635,8,"2017-12-21 18:30:00","2017-12-21 23:00:00",1,""
42984,4,551,6,"2017-12-21 21:00:00","2017-12-22 02:30:00",1,""
42986,4,599,2,"2017-12-22 18:00:00","2017-12-23 00:00:00",1,""
42987,4,403,6,"2017-12-22 16:00:00","2017-12-23 00:00:00",1,""
42988,4,646,4,"2017-12-22 08:00:00","2017-12-22 14:30:00",1,""
42990,4,635,5,"2017-12-22 12:00:00","2017-12-22 22:00:00",1,""
42991,4,637,2,"2017-12-22 17:00:00","2017-12-22 22:00:00",1,""
42993,4,660,8,"2017-12-22 18:00:00","2017-12-23 00:00:00",1,""
42994,4,323,5,"2017-12-22 22:00:00","2017-12-23 08:00:00",1,""
42995,4,626,8,"2017-12-22 11:00:00","2017-12-22 15:00:00",1,""
42998,4,692,2,"2017-12-22 22:00:00","2017-12-23 04:00:00",1,""
42999,4,672,2,"2017-12-22 11:00:00","2017-12-22 17:00:00",1,""
43000,4,557,2,"2017-12-23 00:00:00","2017-12-23 08:00:00",1,""
43001,4,323,5,"2017-12-23 22:00:00","2017-12-24 08:00:00",1,""
43003,4,577,3,"2017-12-23 10:00:00","2017-12-23 16:00:00",1,""
43004,4,630,2,"2017-12-23 11:00:00","2017-12-23 17:00:00",1,"DIAOZHENG"
43005,4,413,6,"2017-12-24 00:00:00","2017-12-24 06:00:00",1,""
43006,4,483,4,"2017-12-23 08:00:00","2017-12-23 14:00:00",1,""
43007,4,660,8,"2017-12-23 11:00:00","2017-12-23 16:00:00",1,""
43008,4,635,5,"2017-12-23 12:00:00","2017-12-23 22:00:00",1,""
43009,4,637,2,"2017-12-23 18:00:00","2017-12-24 00:00:00",1,""
43010,4,599,2,"2017-12-23 17:00:00","2017-12-23 22:00:00",1,""
43011,4,654,6,"2017-12-23 14:00:00","2017-12-23 22:00:00",1,""
43012,4,638,8,"2017-12-23 18:00:00","2017-12-24 01:00:00",1,""
43014,4,499,2,"2017-12-24 00:00:00","2017-12-24 08:00:00",1,""
43015,4,692,2,"2017-12-23 22:00:00","2017-12-24 04:00:00",1,""
43016,4,403,3,"2017-12-23 16:00:00","2017-12-24 01:00:00",1,"DING BAN"
43017,4,515,3,"2017-12-24 20:00:00","2017-12-25 05:00:00",1,""
43018,4,483,4,"2017-12-24 08:00:00","2017-12-24 14:00:00",1,""
43019,4,672,2,"2017-12-24 11:00:00","2017-12-24 16:00:00",1,""
43021,4,551,6,"2017-12-24 23:00:00","2017-12-25 06:00:00",1,""
43023,4,637,2,"2017-12-24 16:00:00","2017-12-25 00:00:00",1,""
43025,4,549,8,"2017-12-24 18:00:00","2017-12-25 01:00:00",1,""
43026,4,405,2,"2017-12-24 08:00:00","2017-12-24 14:30:00",1,""
43027,4,577,3,"2017-12-24 10:00:00","2017-12-24 20:00:00",1,""
43029,4,660,8,"2017-12-24 11:00:00","2017-12-24 16:00:00",1,""
43031,4,323,5,"2017-12-24 22:00:00","2017-12-25 08:00:00",1,""
43032,4,403,5,"2017-12-24 12:00:00","2017-12-24 22:00:00",1,""
43033,4,405,2,"2017-12-20 08:00:00","2017-12-20 13:30:00",1,""
43034,4,630,2,"2017-12-22 08:00:00","2017-12-22 14:00:00",1,""
43035,4,405,2,"2017-12-23 08:00:00","2017-12-23 14:30:00",1,""
43036,4,413,6,"2017-12-23 00:00:00","2017-12-23 06:00:00",1,""
43037,4,515,3,"2017-12-22 21:00:00","2017-12-23 05:00:00",1,""
43038,4,515,3,"2017-12-23 21:00:00","2017-12-24 05:00:00",1,""
43039,4,549,6,"2017-12-19 21:00:00","2017-12-20 02:30:00",1,""
43040,4,577,3,"2017-12-19 11:00:00","2017-12-19 20:00:00",1,""
43041,4,577,3,"2017-12-22 11:00:00","2017-12-22 21:00:00",1,""
43042,4,621,2,"2017-12-24 20:00:00","2017-12-25 04:00:00",1,""
43043,4,635,5,"2017-12-19 12:00:00","2017-12-19 22:00:00",1,""
43044,4,637,2,"2017-12-18 18:30:00","2017-12-19 02:30:00",1,"加班"
43045,4,635,5,"2017-12-20 12:00:00","2017-12-20 22:00:00",1,""
43046,1,227,5,"2017-12-19 11:30:00","2017-12-19 23:00:00",1,""
43047,4,672,2,"2017-12-20 18:30:00","2017-12-21 01:00:00",1,""
43048,1,371,5,"2017-12-21 11:30:00","2017-12-21 23:00:00",1,""
43049,1,63,8,"2017-12-22 21:00:00","2017-12-23 07:00:00",1,""
43050,4,626,2,"2017-12-21 18:30:00","2017-12-22 01:00:00",1,""
43051,1,312,2,"2017-12-24 19:00:00","2017-12-25 04:00:00",0,""
43054,2,682,7,"2017-12-18 17:30:00","2017-12-18 22:00:00",0,""
43056,2,682,7,"2017-12-18 10:30:00","2017-12-18 15:00:00",0,""
43058,2,641,2,"2017-12-18 10:00:00","2017-12-18 14:30:00",0,""
43059,2,671,8,"2017-12-18 11:00:00","2017-12-18 23:00:00",0,""
43061,2,101,2,"2017-12-18 12:30:00","2017-12-18 22:00:00",0,""
43062,2,96,3,"2017-12-18 11:00:00","2017-12-18 19:00:00",0,""
43063,2,659,2,"2017-12-18 10:00:00","2017-12-18 15:00:00",0,""
43064,2,97,2,"2017-12-18 11:30:00","2017-12-18 20:00:00",0,""
43065,2,471,2,"2017-12-18 18:00:00","2017-12-19 01:00:00",0,""
43068,2,95,11,"2017-12-18 10:30:00","2017-12-18 20:15:00",0,""
43069,2,650,5,"2017-12-18 12:00:00","2017-12-18 23:30:00",0,""
43070,2,106,2,"2017-12-19 12:00:00","2017-12-19 15:00:00",0,""
43071,2,641,2,"2017-12-19 11:30:00","2017-12-19 20:30:00",0,""
43074,2,96,3,"2017-12-19 11:00:00","2017-12-19 19:00:00",0,""
43076,2,682,7,"2017-12-19 10:30:00","2017-12-19 22:00:00",0,""
43077,2,612,8,"2017-12-19 11:00:00","2017-12-19 23:00:00",0,""
43078,2,94,2,"2017-12-19 12:30:00","2017-12-19 22:00:00",0,""
43079,2,112,3,"2017-12-19 17:45:00","2017-12-20 01:15:00",0,""
43082,2,659,2,"2017-12-19 10:30:00","2017-12-19 14:30:00",0,""
43083,2,679,5,"2017-12-19 10:30:00","2017-12-19 14:30:00",0,""
43085,2,471,2,"2017-12-19 17:30:00","2017-12-20 01:15:00",0,""
43089,2,658,10,"2017-12-20 12:00:00","2017-12-20 23:30:00",0,""
43090,2,254,10,"2017-12-19 18:00:00","2017-12-20 01:15:00",0,""
43092,2,97,2,"2017-12-20 10:30:00","2017-12-20 15:00:00",0,""
43093,2,471,2,"2017-12-20 17:30:00","2017-12-21 01:00:00",0,""
43094,2,679,5,"2017-12-20 11:00:00","2017-12-20 15:00:00",0,""
43097,2,682,7,"2017-12-20 10:30:00","2017-12-20 14:45:00",0,""
43099,2,96,3,"2017-12-20 18:00:00","2017-12-21 01:00:00",0,""
43100,2,556,2,"2017-12-20 18:00:00","2017-12-21 00:00:00",0,""
43101,2,427,2,"2017-12-20 12:30:00","2017-12-20 22:15:00",0,""
43102,2,641,2,"2017-12-20 10:00:00","2017-12-20 14:30:00",0,""
43103,2,659,2,"2017-12-20 11:30:00","2017-12-20 15:00:00",0,""
43104,2,486,3,"2017-12-20 10:00:00","2017-12-20 18:30:00",0,""
43105,2,664,8,"2017-12-20 11:00:00","2017-12-20 23:00:00",0,""
43109,2,641,2,"2017-12-21 11:30:00","2017-12-21 15:00:00",0,""
43110,2,96,3,"2017-12-21 11:00:00","2017-12-21 20:30:00",0,""
43111,2,94,2,"2017-12-21 12:30:00","2017-12-21 22:00:00",0,""
43112,2,486,3,"2017-12-21 10:30:00","2017-12-21 15:00:00",0,""
43113,2,95,10,"2017-12-21 12:00:00","2017-12-21 22:00:00",0,""
43114,2,427,2,"2017-12-21 10:30:00","2017-12-21 20:30:00",0,""
43115,2,97,2,"2017-12-21 10:00:00","2017-12-21 14:30:00",0,""
43116,2,664,8,"2017-12-21 11:00:00","2017-12-21 23:00:00",0,""
43117,2,658,5,"2017-12-21 18:00:00","2017-12-22 01:00:00",0,""
43118,2,531,2,"2017-12-21 18:00:00","2017-12-22 01:00:00",0,""
43120,2,486,3,"2017-12-21 18:00:00","2017-12-22 01:00:00",0,""
43121,2,659,2,"2017-12-21 12:00:00","2017-12-21 15:00:00",0,""
43122,2,94,2,"2017-12-22 17:00:00","2017-12-22 23:30:00",0,""
43123,2,613,4,"2017-12-22 18:00:00","2017-12-23 01:00:00",0,""
43124,2,531,2,"2017-12-22 18:00:00","2017-12-23 01:05:00",0,""
43125,2,650,6,"2017-12-22 12:00:00","2017-12-22 18:00:00",0,""
43126,2,679,5,"2017-12-22 10:30:00","2017-12-22 15:00:00",0,""
43127,2,552,7,"2017-12-22 10:30:00","2017-12-22 14:30:00",0,""
43128,2,97,2,"2017-12-22 10:30:00","2017-12-22 14:30:00",0,""
43129,2,664,8,"2017-12-22 11:00:00","2017-12-22 15:00:00",0,""
43130,2,471,2,"2017-12-22 17:30:00","2017-12-23 01:10:00",0,""
43131,2,254,10,"2017-12-22 18:00:00","2017-12-23 01:10:00",0,""
43132,2,659,2,"2017-12-22 10:00:00","2017-12-22 15:00:00",0,""
43133,2,95,10,"2017-12-22 10:00:00","2017-12-22 21:00:00",0,""
43134,2,486,11,"2017-12-22 11:00:00","2017-12-22 21:00:00",0,""
43137,2,112,3,"2017-12-22 18:30:00","2017-12-23 01:10:00",0,""
43138,2,552,7,"2017-12-22 17:00:00","2017-12-22 23:00:00",0,""
43139,2,101,2,"2017-12-22 12:30:00","2017-12-22 21:00:00",0,""
43140,2,664,8,"2017-12-22 17:00:00","2017-12-23 00:00:00",0,""
43142,2,702,11,"2017-12-23 11:00:00","2017-12-23 15:00:00",0,""
43146,2,682,7,"2017-12-23 10:30:00","2017-12-23 15:00:00",0,""
43147,2,106,2,"2017-12-23 12:00:00","2017-12-23 15:30:00",0,""
43148,2,664,8,"2017-12-23 11:00:00","2017-12-23 15:00:00",0,""
43150,2,427,2,"2017-12-23 17:30:00","2017-12-24 00:30:00",0,""
43151,2,280,2,"2017-12-23 11:30:00","2017-12-23 15:00:00",0,""
43152,2,671,8,"2017-12-23 15:00:00","2017-12-23 23:30:00",0,""
43153,2,94,2,"2017-12-23 11:00:00","2017-12-23 23:00:00",0,""
43154,2,280,2,"2017-12-23 18:30:00","2017-12-24 01:00:00",0,""
43155,2,556,2,"2017-12-23 10:00:00","2017-12-23 21:45:00",0,""
43156,2,95,10,"2017-12-23 11:00:00","2017-12-23 21:00:00",0,""
43158,2,613,5,"2017-12-23 18:00:00","2017-12-24 01:00:00",0,""
43159,2,101,2,"2017-12-23 12:00:00","2017-12-23 21:30:00",0,""
43161,2,650,6,"2017-12-23 10:30:00","2017-12-23 15:30:00",0,""
43163,2,671,8,"2017-12-24 11:00:00","2017-12-24 23:00:00",0,""
43164,2,556,2,"2017-12-24 15:00:00","2017-12-24 22:00:00",0,""
43166,2,552,4,"2017-12-24 11:30:00","2017-12-24 16:00:00",0,""
43168,2,280,2,"2017-12-24 18:00:00","2017-12-24 22:00:00",0,""
43171,2,106,2,"2017-12-24 12:00:00","2017-12-24 15:00:00",0,""
43172,2,659,2,"2017-12-24 10:30:00","2017-12-24 15:00:00",0,""
43176,2,101,2,"2017-12-24 11:00:00","2017-12-24 20:30:00",0,""
43177,2,97,2,"2017-12-24 10:00:00","2017-12-24 15:00:00",0,""
43180,2,617,2,"2017-12-24 10:00:00","2017-12-24 15:00:00",0,""
43181,2,650,6,"2017-12-24 10:30:00","2017-12-24 15:00:00",0,""
43183,2,486,10,"2017-12-24 10:30:00","2017-12-24 19:30:00",0,""
43184,2,94,2,"2017-12-18 17:30:00","2017-12-19 00:00:00",0,""
43185,2,101,2,"2017-12-20 12:00:00","2017-12-20 21:00:00",0,""
43186,2,97,2,"2017-12-19 10:00:00","2017-12-19 15:00:00",0,""
43187,2,427,2,"2017-12-22 11:30:00","2017-12-22 21:00:00",0,""
43188,2,427,2,"2017-12-24 12:00:00","2017-12-24 19:00:00",0,""
43189,2,531,2,"2017-12-19 18:00:00","2017-12-20 00:15:00",0,""
43190,2,659,2,"2017-12-24 17:00:00","2017-12-24 22:00:00",0,""
43191,2,554,2,"2017-12-18 12:00:00","2017-12-18 15:00:00",0,""
43192,2,554,2,"2017-12-22 12:00:00","2017-12-22 15:00:00",0,""
43193,2,657,2,"2017-12-23 10:30:00","2017-12-23 15:00:00",0,""
43194,2,657,2,"2017-12-23 17:00:00","2017-12-23 21:00:00",0,""
43195,2,96,3,"2017-12-24 12:00:00","2017-12-24 22:00:00",0,""
43196,2,112,3,"2017-12-18 19:00:00","2017-12-19 01:00:00",0,""
43197,2,112,3,"2017-12-23 12:00:00","2017-12-24 01:00:00",0,""
43198,2,486,5,"2017-12-23 10:00:00","2017-12-23 15:00:00",0,""
43200,2,91,11,"2017-12-19 11:30:00","2017-12-19 20:30:00",0,""
43201,2,91,11,"2017-12-20 10:30:00","2017-12-20 20:30:00",0,""
43202,2,91,11,"2017-12-23 11:00:00","2017-12-23 21:30:00",0,""
43203,2,91,11,"2017-12-24 10:00:00","2017-12-24 15:00:00",0,""
43204,2,91,11,"2017-12-24 17:00:00","2017-12-24 21:00:00",0,""
43205,2,95,10,"2017-12-19 10:00:00","2017-12-19 14:30:00",0,""
43206,2,254,10,"2017-12-18 18:00:00","2017-12-19 01:00:00",0,""
43207,2,650,5,"2017-12-21 10:00:00","2017-12-21 14:45:00",0,""
43208,2,650,5,"2017-12-21 17:30:00","2017-12-21 23:30:00",0,""
43209,2,650,6,"2017-12-23 18:00:00","2017-12-23 23:00:00",0,""
43211,2,658,5,"2017-12-19 17:30:00","2017-12-20 00:15:00",0,""
43212,2,658,7,"2017-12-24 18:00:00","2017-12-24 22:00:00",0,""
43213,2,613,10,"2017-12-20 18:00:00","2017-12-21 01:00:00",0,""
43214,2,280,2,"2017-12-24 11:30:00","2017-12-24 15:00:00",0,""
43215,2,682,7,"2017-12-21 10:30:00","2017-12-21 18:00:00",0,""
43216,2,682,7,"2017-12-24 16:00:00","2017-12-24 20:30:00",0,""
43217,2,679,5,"2017-12-20 17:30:00","2017-12-20 22:00:00",0,""
43218,2,679,5,"2017-12-23 17:00:00","2017-12-24 00:30:00",0,""
43219,2,679,5,"2017-12-24 11:00:00","2017-12-24 15:00:00",0,""
43221,1,680,3,"2017-12-21 09:30:00","2017-12-21 18:00:00",1,""
43222,1,713,6,"2017-12-24 11:00:00","2017-12-24 17:00:00",1,""
43223,1,43,3,"2017-12-19 16:00:00","2017-12-19 21:00:00",1,""
43224,1,582,3,"2017-12-18 09:30:00","2017-12-18 20:00:00",1,""
43225,1,627,3,"2017-12-19 09:30:00","2017-12-19 16:00:00",1,""
43228,2,679,5,"2017-12-18 10:00:00","2017-12-18 14:45:00",0,""
43231,4,654,6,"2017-12-24 14:00:00","2017-12-24 23:00:00",1,""
43232,4,413,4,"2017-12-19 14:30:00","2017-12-19 22:00:00",1,"JIABAN "
43235,4,403,3,"2017-12-18 19:00:00","2017-12-19 05:30:00",0,"jiaban"
43236,4,557,8,"2017-12-19 11:00:00","2017-12-19 15:00:00",0,""
43237,0,565,4,"2017-12-18 09:00:00","2017-12-18 17:00:00",0,""
43238,0,204,4,"2017-12-18 09:00:00","2017-12-18 17:00:00",0,""
43239,0,189,4,"2017-12-18 08:00:00","2017-12-18 16:00:00",0,""
43240,0,147,4,"2017-12-18 09:00:00","2017-12-18 18:00:00",0,""
43241,0,26,4,"2017-12-18 09:30:00","2017-12-18 17:30:00",0,""
43242,0,16,4,"2017-12-18 08:30:00","2017-12-18 17:30:00",0,""
43243,0,491,4,"2017-12-18 09:00:00","2017-12-18 18:00:00",0,""
43244,0,603,4,"2017-12-18 09:00:00","2017-12-18 18:00:00",0,""
43245,0,688,4,"2017-12-18 11:00:00","2017-12-18 18:00:00",0,""
43246,0,145,4,"2017-12-18 08:30:00","2017-12-18 16:30:00",0,""
43247,0,19,4,"2017-12-18 12:00:00","2017-12-18 18:00:00",0,""
43248,0,665,4,"2017-12-18 10:00:00","2017-12-18 18:00:00",0,""
43249,0,26,4,"2017-12-19 09:30:00","2017-12-19 17:30:00",0,""
43250,0,18,4,"2017-12-19 08:30:00","2017-12-19 16:30:00",0,""
43251,0,189,4,"2017-12-19 08:00:00","2017-12-19 16:00:00",0,""
43252,0,491,4,"2017-12-19 09:00:00","2017-12-19 18:00:00",0,""
43253,0,146,4,"2017-12-19 10:00:00","2017-12-19 18:00:00",0,""
43254,0,16,4,"2017-12-19 08:30:00","2017-12-19 17:30:00",0,""
43255,0,147,4,"2017-12-19 09:00:00","2017-12-19 18:00:00",0,""
43256,0,19,4,"2017-12-19 09:00:00","2017-12-19 18:00:00",0,""
43257,0,688,4,"2017-12-19 11:00:00","2017-12-19 18:00:00",0,""
43258,0,204,4,"2017-12-19 09:00:00","2017-12-19 17:00:00",0,""
43259,0,491,4,"2017-12-20 09:00:00","2017-12-20 18:00:00",0,""
43260,0,146,4,"2017-12-20 10:00:00","2017-12-20 18:00:00",0,""
43261,0,145,4,"2017-12-20 09:00:00","2017-12-20 17:00:00",0,""
43262,0,18,4,"2017-12-20 08:30:00","2017-12-20 16:30:00",0,""
43263,0,565,4,"2017-12-20 09:00:00","2017-12-20 17:00:00",0,""
43264,0,603,4,"2017-12-20 09:00:00","2017-12-20 18:00:00",0,""
43265,0,665,4,"2017-12-20 10:00:00","2017-12-20 18:00:00",0,""
43266,0,19,4,"2017-12-20 09:00:00","2017-12-20 18:00:00",0,""
43267,0,189,4,"2017-12-20 08:00:00","2017-12-20 16:00:00",0,""
43268,0,204,4,"2017-12-20 09:00:00","2017-12-20 17:00:00",0,""
43269,0,688,4,"2017-12-20 11:00:00","2017-12-20 18:00:00",0,""
43270,0,26,4,"2017-12-21 09:30:00","2017-12-21 17:30:00",0,""
43271,0,603,4,"2017-12-21 09:00:00","2017-12-21 18:00:00",0,""
43272,0,16,4,"2017-12-21 08:30:00","2017-12-21 17:30:00",0,""
43273,0,146,4,"2017-12-21 08:00:00","2017-12-21 16:00:00",0,""
43274,0,665,4,"2017-12-21 10:00:00","2017-12-21 18:00:00",0,""
43275,0,147,4,"2017-12-21 09:00:00","2017-12-21 18:00:00",0,""
43276,0,145,4,"2017-12-21 09:00:00","2017-12-21 17:00:00",0,""
43277,0,688,4,"2017-12-21 11:00:00","2017-12-21 18:00:00",0,""
43278,0,565,4,"2017-12-21 09:00:00","2017-12-21 17:00:00",0,""
43279,0,18,4,"2017-12-21 08:30:00","2017-12-21 16:30:00",0,""
43280,0,19,4,"2017-12-21 09:00:00","2017-12-21 18:00:00",0,""
43281,0,16,4,"2017-12-22 08:30:00","2017-12-22 17:30:00",0,""
43282,0,204,4,"2017-12-22 09:00:00","2017-12-22 17:00:00",0,""
43283,0,491,4,"2017-12-22 09:00:00","2017-12-22 18:00:00",0,""
43284,0,189,4,"2017-12-22 08:00:00","2017-12-22 16:00:00",0,""
43285,0,19,4,"2017-12-22 09:00:00","2017-12-22 18:00:00",0,""
43286,0,603,4,"2017-12-22 09:00:00","2017-12-22 18:00:00",0,""
43287,0,147,4,"2017-12-22 09:00:00","2017-12-22 18:00:00",0,""
43288,0,565,4,"2017-12-22 09:00:00","2017-12-22 17:00:00",0,""
43289,0,145,4,"2017-12-22 09:00:00","2017-12-22 17:00:00",0,""
43290,0,26,4,"2017-12-22 09:30:00","2017-12-22 17:30:00",0,""
43291,0,146,4,"2017-12-22 10:00:00","2017-12-22 18:00:00",0,""
43292,0,665,4,"2017-12-22 10:00:00","2017-12-22 18:00:00",0,""
43293,0,688,4,"2017-12-22 11:00:00","2017-12-22 18:00:00",0,""
43294,0,18,4,"2017-12-22 08:30:00","2017-12-22 16:30:00",0,""
43295,0,204,4,"2017-12-23 09:00:00","2017-12-23 17:00:00",0,""
43296,0,147,4,"2017-12-23 09:00:00","2017-12-23 18:00:00",0,""
43297,0,146,4,"2017-12-23 10:00:00","2017-12-23 18:00:00",0,""
43298,0,491,4,"2017-12-23 09:00:00","2017-12-23 18:00:00",0,""
43299,0,18,4,"2017-12-23 08:30:00","2017-12-23 16:30:00",0,""
43300,0,16,4,"2017-12-23 08:30:00","2017-12-23 17:30:00",0,""
43301,0,19,4,"2017-12-23 09:00:00","2017-12-23 18:00:00",0,""
43302,0,603,4,"2017-12-23 09:00:00","2017-12-23 18:00:00",0,""
43303,0,189,4,"2017-12-23 08:00:00","2017-12-23 16:00:00",0,""
43304,0,145,4,"2017-12-23 09:00:00","2017-12-23 17:00:00",0,""
43305,0,26,4,"2017-12-23 09:30:00","2017-12-23 17:30:00",0,""
43306,0,665,4,"2017-12-23 10:00:00","2017-12-23 18:00:00",0,""
43307,0,688,4,"2017-12-23 11:00:00","2017-12-23 18:00:00",0,""
43308,0,491,4,"2017-12-24 09:00:00","2017-12-24 18:00:00",0,""
43309,0,19,4,"2017-12-24 09:00:00","2017-12-24 18:00:00",0,""
43310,0,189,4,"2017-12-24 08:00:00","2017-12-24 16:00:00",0,""
43311,0,145,4,"2017-12-24 09:00:00","2017-12-24 17:00:00",0,""
43312,0,146,4,"2017-12-24 10:00:00","2017-12-24 18:00:00",0,""
43313,0,16,4,"2017-12-24 08:30:00","2017-12-24 17:30:00",0,""
43314,0,147,4,"2017-12-24 09:00:00","2017-12-24 18:00:00",0,""
43315,0,204,4,"2017-12-24 09:00:00","2017-12-24 17:00:00",0,""
43316,0,603,4,"2017-12-24 09:00:00","2017-12-24 18:00:00",0,""
43317,0,565,4,"2017-12-24 09:00:00","2017-12-24 17:00:00",0,""
43318,0,26,4,"2017-12-24 09:30:00","2017-12-24 17:30:00",0,""
43319,0,18,4,"2017-12-24 08:30:00","2017-12-24 16:30:00",0,""
43320,0,665,4,"2017-12-24 10:00:00","2017-12-24 18:00:00",0,""
43321,4,707,4,"2017-12-19 21:00:00","2017-12-20 02:00:00",0,""
43324,3,213,3,"2017-12-28 15:00:00","2017-12-28 23:00:00",1,""
43325,3,213,3,"2017-12-30 11:00:00","2017-12-30 23:00:00",1,""
43327,3,234,2,"2017-12-29 16:30:00","2017-12-29 23:00:00",1,"\\"
43328,3,234,2,"2017-12-30 17:00:00","2017-12-30 23:00:00",1,"\\"
43332,3,235,2,"2017-12-30 11:00:00","2017-12-30 17:00:00",1,""
43335,3,245,3,"2017-12-27 11:00:00","2017-12-27 23:00:00",1,""
43336,3,245,3,"2017-12-28 11:00:00","2017-12-28 15:00:00",1,""
43337,3,245,3,"2017-12-29 11:00:00","2017-12-29 23:00:00",1,""
43338,3,245,3,"2017-12-31 11:00:00","2017-12-31 23:00:00",1,""
43340,3,465,5,"2017-12-28 10:30:00","2017-12-28 17:00:00",1,""
43341,3,465,5,"2017-12-30 10:30:00","2017-12-30 16:45:00",1,"加班"
43342,3,465,5,"2017-12-31 10:30:00","2017-12-31 21:00:00",1,"店长修改时间"
43343,3,517,2,"2017-12-27 10:30:00","2017-12-27 19:00:00",1,"店长修改班表"
43344,3,517,2,"2017-12-29 10:30:00","2017-12-29 16:30:00",1,""
43345,3,517,2,"2017-12-30 10:30:00","2017-12-30 19:00:00",1,""
43346,3,517,2,"2017-12-31 10:30:00","2017-12-31 21:00:00",1,"\\"
43348,3,600,2,"2017-12-28 11:00:00","2017-12-28 23:00:00",1,""
43349,3,610,2,"2017-12-31 11:30:00","2017-12-31 23:00:00",1,""
43353,3,624,8,"2017-12-27 15:00:00","2017-12-27 23:00:00",1,"。"
43354,3,624,8,"2017-12-28 15:00:00","2017-12-28 23:00:00",1,"\\"
43355,3,624,8,"2017-12-30 15:00:00","2017-12-30 23:00:00",1,"\\"
43357,3,633,5,"2017-12-28 17:30:00","2017-12-28 22:30:00",1,""
43358,3,633,8,"2017-12-29 15:00:00","2017-12-29 23:00:00",1,"\\"
43360,3,647,4,"2017-12-27 10:30:00","2017-12-27 17:00:00",1,"店长修改班表"
43361,3,647,4,"2017-12-29 10:30:00","2017-12-29 15:00:00",1,""
43363,3,652,5,"2017-12-27 17:00:00","2017-12-27 22:30:00",1,""
43364,3,699,4,"2017-12-28 11:00:00","2017-12-28 19:00:00",1,"\\"
43365,3,699,4,"2017-12-29 11:00:00","2017-12-29 22:00:00",1,"\\"
43366,3,709,2,"2017-12-27 17:00:00","2017-12-27 23:00:00",1,"\\"
43367,3,709,2,"2017-12-28 11:00:00","2017-12-28 15:00:00",1,"\\"
43368,3,709,2,"2017-12-29 11:00:00","2017-12-29 15:00:00",1,"\\"
43372,1,625,2,"2017-12-25 21:00:00","2017-12-26 06:00:00",1,""
43374,1,47,3,"2017-12-25 22:00:00","2017-12-26 05:00:00",1,""
43375,1,686,2,"2017-12-25 18:00:00","2017-12-26 02:00:00",1,""
43376,1,705,3,"2017-12-25 09:30:00","2017-12-25 16:00:00",1,""
43377,1,62,5,"2017-12-25 23:30:00","2017-12-26 09:30:00",1,""
43378,1,48,8,"2017-12-25 23:30:00","2017-12-26 06:00:00",1,""
43379,1,496,7,"2017-12-25 09:30:00","2017-12-25 15:30:00",1,"加班"
43380,1,272,2,"2017-12-25 08:00:00","2017-12-25 14:00:00",1,""
43382,1,643,2,"2017-12-25 23:00:00","2017-12-26 07:00:00",1,""
43384,1,195,2,"2017-12-25 12:00:00","2017-12-25 17:15:00",1,""
43385,1,312,2,"2017-12-25 11:00:00","2017-12-25 15:30:00",1,""
43389,1,227,5,"2017-12-25 11:30:00","2017-12-25 21:00:00",1,""
43390,1,53,7,"2017-12-25 17:00:00","2017-12-25 23:30:00",1,""
43391,1,371,6,"2017-12-25 11:00:00","2017-12-25 23:00:00",1,""
43394,1,371,5,"2017-12-26 11:30:00","2017-12-26 23:00:00",1,""
43395,1,195,2,"2017-12-26 12:00:00","2017-12-26 17:00:00",1,""
43396,1,567,2,"2017-12-26 17:00:00","2017-12-26 23:00:00",1,"加班"
43402,1,62,5,"2017-12-26 23:00:00","2017-12-27 09:30:00",1,""
43403,1,312,2,"2017-12-26 11:00:00","2017-12-26 15:00:00",1,""
43404,1,496,12,"2017-12-26 09:30:00","2017-12-26 14:30:00",1,""
43405,1,686,2,"2017-12-26 18:00:00","2017-12-27 01:00:00",1,"加班"
43407,1,60,2,"2017-12-26 23:00:00","2017-12-27 08:00:00",1,""
43408,1,649,8,"2017-12-26 11:00:00","2017-12-26 20:30:00",1,"加班"
43409,1,473,5,"2017-12-26 11:00:00","2017-12-26 22:00:00",1,""
43410,1,272,2,"2017-12-26 07:00:00","2017-12-26 14:00:00",1,""
43413,1,648,6,"2017-12-27 23:00:00","2017-12-28 07:00:00",1,""
43414,1,48,8,"2017-12-26 20:30:00","2017-12-27 05:00:00",1,""
43416,1,496,12,"2017-12-27 09:30:00","2017-12-27 14:30:00",1,""
43417,1,53,6,"2017-12-27 11:00:00","2017-12-27 17:00:00",1,""
43418,1,272,2,"2017-12-27 08:00:00","2017-12-27 14:00:00",1,""
43419,1,185,2,"2017-12-27 18:00:00","2017-12-28 01:30:00",1,"加班
"
43420,1,473,5,"2017-12-27 11:00:00","2017-12-27 23:00:00",1,""
43421,1,195,2,"2017-12-27 12:00:00","2017-12-27 17:00:00",1,""
43423,1,99,2,"2017-12-27 17:00:00","2017-12-27 23:00:00",1,""
43424,1,312,2,"2017-12-27 11:00:00","2017-12-27 15:00:00",1,""
43425,1,62,5,"2017-12-27 23:00:00","2017-12-28 09:30:00",1,""
43427,1,649,8,"2017-12-27 11:00:00","2017-12-27 19:00:00",1,""
43428,1,643,2,"2017-12-27 23:00:00","2017-12-28 07:00:00",1,""
43430,1,417,2,"2017-12-27 18:00:00","2017-12-27 23:30:00",1,"加班"
43431,1,48,8,"2017-12-27 19:30:00","2017-12-28 05:00:00",1,""
43435,1,62,5,"2017-12-28 23:00:00","2017-12-29 09:30:00",1,""
43436,1,649,8,"2017-12-28 21:30:00","2017-12-29 05:00:00",1,""
43437,1,185,2,"2017-12-28 18:00:00","2017-12-29 01:00:00",1,""
43438,1,473,12,"2017-12-28 11:30:00","2017-12-28 22:00:00",1,""
43439,1,496,12,"2017-12-28 09:30:00","2017-12-28 14:30:00",1,""
43440,1,272,2,"2017-12-28 07:00:00","2017-12-28 14:00:00",1,""
43441,1,195,2,"2017-12-28 12:00:00","2017-12-28 17:00:00",1,""
43442,1,567,2,"2017-12-28 17:00:00","2017-12-28 23:00:00",1,""
43444,1,99,2,"2017-12-28 12:30:00","2017-12-28 22:00:00",1,""
43445,1,312,2,"2017-12-28 11:00:00","2017-12-28 15:00:00",1,"加班"
43446,1,60,2,"2017-12-28 23:00:00","2017-12-29 07:00:00",1,""
43448,1,227,5,"2017-12-28 11:00:00","2017-12-28 23:00:00",1,""
43451,1,651,8,"2017-12-28 11:00:00","2017-12-28 21:00:00",1,""
43453,1,649,8,"2017-12-29 21:00:00","2017-12-30 07:00:00",1,""
43454,1,60,2,"2017-12-29 23:00:00","2017-12-30 08:00:00",1,""
43456,1,473,5,"2017-12-29 11:30:00","2017-12-29 22:00:00",1,""
43457,1,99,2,"2017-12-29 12:30:00","2017-12-29 22:00:00",1,""
43458,1,62,5,"2017-12-29 23:00:00","2017-12-30 09:30:00",1,""
43459,1,195,2,"2017-12-29 12:00:00","2017-12-29 17:00:00",1,""
43461,1,185,2,"2017-12-29 19:00:00","2017-12-30 02:00:00",1,""
43462,1,272,2,"2017-12-29 07:00:00","2017-12-29 14:00:00",1,""
43463,1,567,2,"2017-12-29 18:00:00","2017-12-29 23:00:00",1,""
43464,1,312,2,"2017-12-29 11:00:00","2017-12-29 15:00:00",1,""
43467,1,496,12,"2017-12-29 09:30:00","2017-12-29 14:30:00",1,""
43468,1,625,2,"2017-12-29 23:00:00","2017-12-30 06:00:00",1,""
43470,1,227,5,"2017-12-29 11:00:00","2017-12-29 23:00:00",1,""
43472,1,629,2,"2017-12-30 10:30:00","2017-12-30 22:00:00",1,""
43474,1,651,8,"2017-12-29 11:00:00","2017-12-29 21:00:00",1,""
43476,1,99,2,"2017-12-30 12:30:00","2017-12-30 22:00:00",1,""
43477,1,272,2,"2017-12-30 19:00:00","2017-12-31 02:00:00",1,""
43479,1,492,2,"2017-12-30 18:00:00","2017-12-30 23:00:00",1,""
43480,1,371,6,"2017-12-30 10:30:00","2017-12-30 23:30:00",1,""
43481,1,656,6,"2017-12-30 20:00:00","2017-12-31 06:00:00",1,""
43482,1,625,2,"2017-12-30 22:00:00","2017-12-31 06:00:00",1,""
43485,1,60,2,"2017-12-30 23:00:00","2017-12-31 08:00:00",1,""
43486,1,227,5,"2017-12-30 12:30:00","2017-12-30 23:00:00",1,""
43487,1,662,5,"2017-12-30 23:30:00","2017-12-31 09:30:00",1,""
43488,1,48,8,"2017-12-30 22:30:00","2017-12-31 07:00:00",1,""
43489,1,614,2,"2017-12-30 08:00:00","2017-12-30 15:00:00",1,""
43490,1,686,2,"2017-12-30 22:00:00","2017-12-31 05:00:00",1,""
43491,1,648,6,"2017-12-30 11:30:00","2017-12-30 22:00:00",1,"调班"
43493,1,53,10,"2017-12-30 09:00:00","2017-12-30 15:00:00",1,""
43494,1,64,3,"2017-12-30 09:30:00","2017-12-30 19:00:00",1,""
43495,1,567,2,"2017-12-31 10:30:00","2017-12-31 17:00:00",1,""
43496,1,648,7,"2017-12-31 21:00:00","2018-01-01 07:00:00",0,""
43497,1,312,2,"2017-12-31 18:00:00","2018-01-01 02:00:00",0,""
43499,1,686,2,"2017-12-31 20:00:00","2018-01-01 05:00:00",0,""
43500,1,53,6,"2017-12-31 12:30:00","2017-12-31 21:00:00",1,""
43501,1,48,8,"2017-12-31 20:00:00","2018-01-01 07:00:00",0,""
43502,1,60,2,"2017-12-31 23:00:00","2018-01-01 08:00:00",0,""
43503,1,43,3,"2018-01-01 00:00:00","2018-01-01 05:00:00",0,""
43504,1,371,10,"2017-12-31 12:00:00","2017-12-31 23:30:00",1,""
43506,1,496,12,"2017-12-31 09:00:00","2017-12-31 15:00:00",1,""
43507,1,195,2,"2017-12-31 17:00:00","2017-12-31 23:00:00",1,""
43508,1,64,10,"2017-12-31 11:00:00","2017-12-31 17:00:00",1,""
43509,1,99,2,"2017-12-31 12:30:00","2017-12-31 22:00:00",1,""
43511,1,417,2,"2017-12-31 08:00:00","2017-12-31 15:00:00",1,""
43513,1,47,3,"2017-12-31 18:00:00","2018-01-01 00:00:00",1,"曹志坚生病"
43515,1,159,2,"2017-12-30 11:30:00","2017-12-30 19:00:00",1,""
43516,1,550,2,"2017-12-26 22:00:00","2017-12-27 05:00:00",1,""
43517,1,550,2,"2017-12-28 22:00:00","2017-12-29 05:00:00",1,""
43518,1,550,2,"2017-12-29 22:00:00","2017-12-30 05:00:00",1,""
43519,1,492,2,"2017-12-29 17:00:00","2017-12-29 23:00:00",1,""
43520,1,614,2,"2017-12-26 12:30:00","2017-12-26 19:30:00",1,"加班"
43521,1,625,2,"2017-12-27 23:00:00","2017-12-28 05:00:00",1,""
43522,1,625,2,"2017-12-31 22:00:00","2018-01-01 06:00:00",0,""
43523,1,629,2,"2017-12-25 19:00:00","2017-12-26 05:00:00",1,""
43526,1,629,2,"2017-12-31 11:30:00","2017-12-31 20:00:00",1,""
43527,1,686,2,"2017-12-27 12:30:00","2017-12-27 18:00:00",1,""
43528,1,417,2,"2017-12-25 17:00:00","2017-12-25 23:00:00",1,""
43529,1,417,2,"2017-12-26 20:00:00","2017-12-27 02:00:00",1,""
43530,1,43,3,"2017-12-25 09:30:00","2017-12-25 22:00:00",1,""
43538,1,64,7,"2017-12-27 18:00:00","2017-12-28 01:00:00",1,""
43540,1,488,7,"2017-12-26 18:00:00","2017-12-27 02:00:00",1,""
43541,1,488,7,"2017-12-28 22:00:00","2017-12-29 07:00:00",1,""
43542,1,488,7,"2017-12-29 18:00:00","2017-12-30 01:00:00",1,""
43543,1,64,3,"2017-12-26 09:30:00","2017-12-26 21:00:00",1,""
43544,1,582,3,"2017-12-27 09:30:00","2017-12-27 21:00:00",1,""
43545,1,586,6,"2017-12-31 20:30:00","2018-01-01 02:00:00",0,""
43548,1,648,6,"2017-12-25 23:00:00","2017-12-26 07:00:00",1,""
43549,1,656,6,"2017-12-29 20:00:00","2017-12-30 06:00:00",1,""
43550,1,667,6,"2017-12-27 17:00:00","2017-12-27 23:00:00",1,""
43551,1,667,6,"2017-12-28 18:00:00","2017-12-29 01:00:00",1,""
43552,1,667,7,"2017-12-31 17:00:00","2017-12-31 23:00:00",1,""
43554,1,662,5,"2017-12-31 23:30:00","2018-01-01 09:30:00",0,""
43555,1,714,5,"2017-12-27 22:00:00","2017-12-28 03:00:00",1,""
43556,1,714,5,"2017-12-28 22:00:00","2017-12-29 03:00:00",1,""
43557,1,714,10,"2017-12-29 22:00:00","2017-12-30 07:30:00",1,""
43558,1,715,6,"2017-12-27 17:00:00","2017-12-27 22:00:00",1,""
43563,4,637,2,"2017-12-25 17:00:00","2017-12-26 00:00:00",1,""
43564,4,551,2,"2017-12-25 19:00:00","2017-12-26 05:00:00",1,""
43566,4,483,4,"2017-12-25 08:00:00","2017-12-25 14:30:00",1,""
43568,4,630,2,"2017-12-25 08:00:00","2017-12-25 14:00:00",1,""
43570,4,646,8,"2017-12-25 11:00:00","2017-12-25 15:00:00",1,""
43571,4,638,8,"2017-12-25 18:00:00","2017-12-26 00:00:00",1,""
43572,4,660,6,"2017-12-25 16:00:00","2017-12-25 23:00:00",1,""
43574,4,654,5,"2017-12-25 12:00:00","2017-12-25 22:00:00",1,""
43576,4,577,3,"2017-12-26 11:00:00","2017-12-26 20:00:00",1,""
43578,4,403,3,"2017-12-25 11:00:00","2017-12-25 20:00:00",1,""
43579,4,707,4,"2017-12-27 20:00:00","2017-12-28 02:00:00",1,"提早下班"
43582,4,646,4,"2017-12-26 08:00:00","2017-12-26 14:30:00",1,""
43583,4,515,3,"2017-12-26 20:00:00","2017-12-27 05:30:00",1,"加班"
43584,4,551,2,"2017-12-26 19:00:00","2017-12-27 05:30:00",1,"加班"
43589,4,557,2,"2017-12-26 18:00:00","2017-12-27 03:00:00",1,"加班"
43590,4,621,8,"2017-12-27 11:00:00","2017-12-27 15:00:00",1,""
43591,4,635,5,"2017-12-27 12:00:00","2017-12-27 20:00:00",1,"活动安排"
43592,4,403,3,"2017-12-27 11:00:00","2017-12-27 20:00:00",1,""
43594,4,672,2,"2017-12-27 12:00:00","2017-12-27 20:00:00",1,""
43595,4,483,4,"2017-12-27 08:00:00","2017-12-27 14:30:00",1,""
43596,4,551,8,"2017-12-27 18:30:00","2017-12-27 23:00:00",1,""
43597,4,323,5,"2017-12-27 22:00:00","2017-12-28 08:00:00",1,""
43599,4,515,3,"2017-12-27 20:00:00","2017-12-28 06:00:00",1,"加班"
43601,4,599,2,"2017-12-27 08:00:00","2017-12-27 13:30:00",1,""
43605,4,654,5,"2017-12-28 12:00:00","2017-12-28 22:00:00",1,""
43606,4,599,2,"2017-12-28 12:00:00","2017-12-28 21:00:00",1,""
43607,4,323,5,"2017-12-28 22:00:00","2017-12-29 08:00:00",1,""
43608,4,660,6,"2017-12-28 16:00:00","2017-12-28 21:00:00",1,""
43609,4,483,4,"2017-12-28 08:00:00","2017-12-28 14:30:00",1,""
43610,4,630,2,"2017-12-28 08:00:00","2017-12-28 13:30:00",1,""
43611,4,557,2,"2017-12-28 18:30:00","2017-12-29 01:00:00",1,""
43612,4,515,3,"2017-12-28 20:00:00","2017-12-29 05:00:00",1,""
43614,4,630,2,"2017-12-29 08:00:00","2017-12-29 14:00:00",1,""
43615,4,515,3,"2017-12-29 21:00:00","2017-12-30 05:00:00",1,""
43616,4,551,2,"2017-12-28 22:00:00","2017-12-29 08:00:00",1,""
43617,4,599,2,"2017-12-29 18:00:00","2017-12-30 00:00:00",1,""
43618,4,577,3,"2017-12-29 11:00:00","2017-12-29 21:00:00",1,""
43620,4,646,4,"2017-12-29 08:00:00","2017-12-29 14:30:00",1,""
43621,4,637,2,"2017-12-29 17:00:00","2017-12-29 22:00:00",1,""
43622,4,635,5,"2017-12-29 12:00:00","2017-12-29 22:00:00",1,""
43623,4,323,5,"2017-12-29 22:00:00","2017-12-30 08:00:00",1,""
43626,4,637,2,"2017-12-30 17:00:00","2017-12-30 22:00:00",1,""
43628,4,635,5,"2017-12-30 12:00:00","2017-12-30 22:00:00",1,""
43629,4,599,2,"2017-12-30 18:00:00","2017-12-31 00:00:00",1,""
43630,4,672,2,"2017-12-31 17:00:00","2017-12-31 22:00:00",1,""
43631,4,654,6,"2017-12-30 14:00:00","2017-12-30 23:00:00",1,""
43633,4,403,3,"2017-12-30 20:00:00","2017-12-31 05:00:00",1,""
43634,4,638,8,"2017-12-31 18:00:00","2018-01-01 01:00:00",0,""
43636,4,413,6,"2017-12-30 23:00:00","2017-12-31 06:00:00",1,""
43637,4,323,5,"2017-12-30 22:00:00","2017-12-31 08:00:00",1,""
43638,4,557,2,"2017-12-30 00:00:00","2017-12-30 08:00:00",1,""
43639,4,515,3,"2017-12-25 20:00:00","2017-12-26 05:00:00",1,""
43640,4,577,3,"2017-12-30 10:00:00","2017-12-30 20:00:00",1,""
43641,4,630,2,"2017-12-30 08:00:00","2017-12-30 14:30:00",1,""
43642,4,660,8,"2017-12-30 18:00:00","2017-12-31 00:00:00",1,""
43643,4,483,4,"2017-12-30 08:00:00","2017-12-30 14:00:00",1,""
43644,4,499,2,"2017-12-31 00:00:00","2017-12-31 08:00:00",1,""
43645,4,483,4,"2017-12-31 08:00:00","2017-12-31 14:00:00",1,""
43647,4,637,2,"2017-12-31 08:00:00","2017-12-31 14:30:00",1,""
43650,4,323,5,"2017-12-31 22:00:00","2018-01-01 08:00:00",0,""
43651,4,577,3,"2017-12-31 10:00:00","2017-12-31 20:00:00",1,""
43653,4,323,5,"2017-12-25 22:00:00","2017-12-26 08:00:00",1,""
43654,4,654,6,"2017-12-31 14:00:00","2017-12-31 23:00:00",1,""
43655,4,403,3,"2017-12-31 20:00:00","2018-01-01 05:00:00",0,""
43658,4,660,8,"2017-12-31 11:00:00","2017-12-31 16:00:00",1,""
43660,4,557,2,"2018-01-01 00:00:00","2018-01-01 08:00:00",0,""
43661,4,323,5,"2017-12-26 22:00:00","2017-12-27 08:00:00",1,""
43662,4,403,5,"2017-12-26 12:00:00","2017-12-26 22:00:00",1,""
43663,4,403,3,"2017-12-28 11:00:00","2017-12-28 20:00:00",1,""
43664,4,413,6,"2017-12-25 23:00:00","2017-12-26 06:00:00",1,""
43666,4,413,8,"2017-12-29 18:00:00","2017-12-30 00:00:00",1,""
43667,4,557,2,"2017-12-27 22:00:00","2017-12-28 08:30:00",1,"调班"
43668,4,599,2,"2017-12-26 08:00:00","2017-12-26 14:00:00",1,""
43669,4,599,2,"2017-12-31 11:00:00","2017-12-31 18:00:00",1,""
43670,4,621,8,"2017-12-28 11:00:00","2017-12-28 14:00:00",1,"提早下班"
43671,4,621,2,"2017-12-29 22:00:00","2017-12-30 04:00:00",1,""
43672,4,621,2,"2017-12-30 22:00:00","2017-12-31 04:00:00",1,""
43673,4,635,5,"2017-12-31 12:00:00","2017-12-31 22:00:00",1,""
43674,4,638,8,"2017-12-28 18:30:00","2017-12-28 23:00:00",1,""
43675,4,654,8,"2017-12-29 11:00:00","2017-12-29 15:00:00",1,""
43676,4,660,8,"2017-12-26 18:00:00","2017-12-27 00:00:00",1,""
43677,4,660,8,"2017-12-26 11:00:00","2017-12-26 15:00:00",1,""
43678,4,660,6,"2017-12-27 16:00:00","2017-12-27 21:30:00",1,"加班"
43679,4,660,8,"2017-12-30 11:00:00","2017-12-30 16:00:00",1,""
43680,4,672,2,"2017-12-30 11:00:00","2017-12-30 16:00:00",1,""
43681,4,692,2,"2017-12-26 00:00:00","2017-12-26 08:00:00",1,""
43683,4,692,2,"2017-12-27 18:30:00","2017-12-28 01:00:00",1,"加班"
43685,4,693,2,"2017-12-25 11:00:00","2017-12-25 17:00:00",1,""
43686,4,693,2,"2017-12-26 11:00:00","2017-12-26 18:00:00",1,""
43687,4,707,6,"2017-12-28 21:00:00","2017-12-29 03:00:00",1,""
43688,4,707,6,"2017-12-29 23:00:00","2017-12-30 06:00:00",1,""
43689,4,707,4,"2017-12-20 21:00:00","2017-12-21 02:00:00",0,""
43690,4,707,4,"2017-12-21 21:00:00","2017-12-22 02:00:00",0,""
43691,4,707,4,"2017-12-22 21:00:00","2017-12-23 02:00:00",0,""
43692,4,557,2,"2017-12-25 00:00:00","2017-12-25 08:00:00",1,""
43693,1,629,2,"2017-12-26 17:00:00","2017-12-26 22:00:00",1,""
43694,1,714,5,"2017-12-22 22:00:00","2017-12-23 03:00:00",0,""
43695,1,714,5,"2017-12-23 22:00:00","2017-12-24 03:00:00",0,""
43697,2,641,2,"2017-12-25 12:00:00","2017-12-25 18:00:00",1,""
43698,2,682,7,"2017-12-25 10:30:00","2017-12-25 15:00:00",1,""
43699,2,671,8,"2017-12-25 11:00:00","2017-12-25 23:00:00",1,""
43700,2,101,2,"2017-12-25 11:30:00","2017-12-25 20:30:00",1,""
43702,2,96,3,"2017-12-25 11:00:00","2017-12-25 17:00:00",1,""
43703,2,97,2,"2017-12-25 10:00:00","2017-12-25 15:00:00",1,""
43704,2,471,2,"2017-12-25 18:30:00","2017-12-26 01:00:00",1,""
43705,2,94,2,"2017-12-25 17:30:00","2017-12-25 23:30:00",1,""
43706,2,650,5,"2017-12-25 18:00:00","2017-12-25 23:00:00",1,""
43707,2,95,11,"2017-12-25 10:30:00","2017-12-25 20:30:00",1,""
43709,2,254,10,"2017-12-25 21:00:00","2017-12-26 01:00:00",1,""
43713,2,96,3,"2017-12-26 11:00:00","2017-12-26 20:00:00",1,""
43716,2,682,7,"2017-12-26 10:30:00","2017-12-26 15:30:00",1,"加班半小时"
43717,2,94,2,"2017-12-26 10:30:00","2017-12-26 20:30:00",1,""
43718,2,112,3,"2017-12-26 20:00:00","2017-12-27 01:00:00",1,""
43719,2,679,5,"2017-12-26 10:00:00","2017-12-26 14:45:00",1,""
43721,2,471,2,"2017-12-26 18:30:00","2017-12-27 01:00:00",1,""
43722,2,97,2,"2017-12-26 11:00:00","2017-12-26 15:30:00",1,"加班半小时"
43723,2,254,10,"2017-12-26 18:00:00","2017-12-27 01:00:00",1,""
43725,2,91,11,"2017-12-26 10:30:00","2017-12-26 20:30:00",1,""
43728,2,658,5,"2017-12-26 11:00:00","2017-12-26 21:30:00",1,""
43729,2,658,10,"2017-12-27 11:30:00","2017-12-27 15:00:00",1,""
43730,2,97,2,"2017-12-27 10:30:00","2017-12-27 15:30:00",1,"加班半小时"
43732,2,471,2,"2017-12-27 18:00:00","2017-12-28 01:00:00",1,""
43733,2,682,7,"2017-12-27 11:00:00","2017-12-27 15:00:00",1,""
43735,2,641,2,"2017-12-27 10:00:00","2017-12-27 14:30:00",1,""
43736,2,556,2,"2017-12-27 11:30:00","2017-12-27 20:30:00",1,""
43737,2,427,2,"2017-12-27 17:00:00","2017-12-27 21:30:00",1,""
43739,2,486,3,"2017-12-27 10:30:00","2017-12-27 19:00:00",1,""
43740,2,664,8,"2017-12-27 11:00:00","2017-12-27 23:00:00",1,""
43742,2,91,11,"2017-12-27 10:00:00","2017-12-27 20:30:00",1,""
43744,2,679,5,"2017-12-27 17:30:00","2017-12-27 21:30:00",1,""
43746,2,641,2,"2017-12-28 11:30:00","2017-12-28 20:30:00",1,""
43747,2,96,3,"2017-12-28 12:00:00","2017-12-28 20:30:00",1,"店长不小时打少半小时"
43748,2,95,10,"2017-12-28 10:00:00","2017-12-28 14:30:00",1,""
43751,2,97,2,"2017-12-28 10:30:00","2017-12-28 15:00:00",1,"店长打错时间"
43752,2,664,8,"2017-12-28 11:00:00","2017-12-28 23:00:00",1,""
43753,2,658,5,"2017-12-28 18:00:00","2017-12-29 01:00:00",1,""
43755,2,531,2,"2017-12-28 18:00:00","2017-12-29 00:00:00",1,""
43756,2,486,3,"2017-12-28 17:30:00","2017-12-29 01:00:00",1,"提早半小时上班"
43759,2,94,2,"2017-12-29 12:30:00","2017-12-29 22:00:00",1,""
43760,2,650,5,"2017-12-28 11:00:00","2017-12-28 23:30:00",1,"中午比较忙，加班2.5小时"
43762,2,613,4,"2017-12-29 18:00:00","2017-12-30 00:30:00",1,""
43764,2,650,6,"2017-12-29 10:30:00","2017-12-29 15:00:00",1,""
43765,2,679,5,"2017-12-29 11:00:00","2017-12-29 15:00:00",1,""
43767,2,552,7,"2017-12-29 10:30:00","2017-12-29 21:30:00",1,""
43769,2,471,2,"2017-12-29 18:00:00","2017-12-30 01:00:00",1,""
43770,2,254,10,"2017-12-29 18:00:00","2017-12-30 01:00:00",1,""
43771,2,95,10,"2017-12-29 11:30:00","2017-12-29 23:00:00",1,""
43773,2,486,11,"2017-12-29 10:30:00","2017-12-29 14:30:00",1,""
43774,2,112,3,"2017-12-29 18:30:00","2017-12-30 01:00:00",1,""
43798,2,91,11,"2017-12-30 10:30:00","2017-12-30 20:30:00",1,""
43799,2,486,5,"2017-12-30 10:00:00","2017-12-30 14:30:00",1,""
43801,2,671,8,"2017-12-31 11:00:00","2017-12-31 23:00:00",1,"由于晚上不忙所以减了半小时"
43802,2,679,5,"2017-12-30 18:00:00","2017-12-31 00:30:00",1,""
43803,2,552,4,"2017-12-31 10:30:00","2017-12-31 15:00:00",1,""
43805,2,106,2,"2017-12-31 12:00:00","2017-12-31 15:30:00",1,""
43809,2,101,2,"2017-12-31 18:30:00","2017-12-31 23:30:00",1,""
43810,2,97,2,"2017-12-31 10:00:00","2017-12-31 15:00:00",1,""
43811,2,613,4,"2017-12-31 18:00:00","2018-01-01 01:00:00",0,""
43814,2,650,6,"2017-12-31 11:00:00","2017-12-31 23:00:00",1,""
43815,2,486,10,"2017-12-31 10:30:00","2017-12-31 15:00:00",1,""
43816,2,427,2,"2017-12-31 11:30:00","2017-12-31 20:00:00",1,"由于不忙，提早半小时下班"
43817,2,659,2,"2017-12-31 15:00:00","2018-01-01 00:00:00",0,"由于不忙，提早半小时下班"
43821,2,658,7,"2017-12-31 18:00:00","2018-01-01 00:30:00",0,""
43824,2,280,2,"2017-12-31 11:30:00","2017-12-31 15:00:00",1,""
43903,2,641,2,"2017-12-29 10:30:00","2017-12-29 15:00:00",1,""
43906,2,427,2,"2017-12-29 11:30:00","2017-12-29 21:00:00",1,""
43911,2,682,7,"2017-12-30 10:30:00","2017-12-30 21:30:00",1,""
43912,2,106,2,"2017-12-30 11:00:00","2017-12-30 15:00:00",1,""
43913,2,664,8,"2017-12-30 11:00:00","2017-12-30 15:00:00",1,""
43915,2,280,2,"2017-12-30 12:00:00","2017-12-30 15:00:00",1,""
43916,2,671,8,"2017-12-30 15:00:00","2017-12-30 23:30:00",1,""
43918,2,280,2,"2017-12-30 18:30:00","2017-12-31 01:00:00",1,""
43919,2,556,2,"2017-12-30 10:30:00","2017-12-30 20:15:00",1,"提早1个小时15分下班，由于星期五替吳守雯3⃣️个小时的班。这周的时间过长。"
43920,2,613,5,"2017-12-30 18:00:00","2017-12-31 01:00:00",1,""
43922,2,101,2,"2017-12-30 12:00:00","2017-12-30 23:30:00",1,""
43926,2,657,2,"2017-12-30 18:00:00","2017-12-31 00:30:00",1,""
43927,2,96,3,"2017-12-30 12:00:00","2017-12-31 01:00:00",1,""
43928,2,96,3,"2017-12-29 12:00:00","2017-12-29 21:00:00",1,""
43929,2,486,3,"2017-12-25 12:00:00","2017-12-25 15:00:00",1,""
43930,2,486,3,"2017-12-25 17:00:00","2017-12-26 01:00:00",1,""
43931,2,112,3,"2017-12-27 19:00:00","2017-12-28 01:00:00",1,"店长不小心打错时间"
43932,2,112,3,"2017-12-31 12:00:00","2018-01-01 01:00:00",0,""
43933,2,91,11,"2017-12-31 17:00:00","2017-12-31 21:30:00",1,""
43934,2,95,10,"2017-12-30 11:30:00","2017-12-30 15:30:00",1,""
43935,2,95,10,"2017-12-31 11:30:00","2017-12-31 20:00:00",1,"由于不忙，提早半小时下班"
43936,2,95,10,"2017-12-30 17:00:00","2017-12-30 22:30:00",1,""
43937,2,91,11,"2017-12-31 10:00:00","2017-12-31 15:30:00",1,""
43938,2,254,10,"2017-12-27 18:00:00","2017-12-28 01:00:00",1,""
43939,2,613,10,"2017-12-26 17:30:00","2017-12-26 23:30:00",1,""
43940,2,650,6,"2017-12-27 12:00:00","2017-12-27 23:30:00",1,""
43942,2,658,5,"2017-12-25 17:00:00","2017-12-25 21:00:00",1,""
43945,2,682,7,"2017-12-27 17:30:00","2017-12-27 22:30:00",1,""
43946,2,682,7,"2017-12-28 10:30:00","2017-12-28 22:00:00",1,""
43947,2,679,5,"2017-12-27 10:30:00","2017-12-27 14:45:00",1,"加班心分钟"
43948,2,679,5,"2017-12-30 11:00:00","2017-12-30 15:00:00",1,""
43951,2,664,8,"2017-12-26 17:30:00","2017-12-27 00:00:00",1,""
43952,2,664,8,"2017-12-26 11:00:00","2017-12-26 15:30:00",1,""
43953,2,612,8,"2017-12-29 11:00:00","2017-12-29 15:00:00",1,""
43954,2,612,8,"2017-12-29 17:00:00","2017-12-30 00:00:00",1,""
43955,2,101,2,"2017-12-26 12:00:00","2017-12-26 22:00:00",1,""
43956,2,101,2,"2017-12-28 12:30:00","2017-12-28 22:00:00",1,""
43957,2,94,2,"2017-12-27 12:30:00","2017-12-27 22:00:00",1,""
43958,2,94,2,"2017-12-31 11:00:00","2017-12-31 20:30:00",1,"由于不忙，提早半小时下班"
43959,2,556,2,"2017-12-26 17:30:00","2017-12-27 00:00:00",1,""
43960,2,427,2,"2017-12-25 18:00:00","2017-12-25 22:00:00",1,""
43961,2,427,2,"2017-12-26 10:00:00","2017-12-26 15:00:00",1,""
43962,2,427,2,"2017-12-30 11:30:00","2017-12-30 20:30:00",1,""
43963,2,280,2,"2017-12-31 18:00:00","2018-01-01 01:00:00",0,""
43964,2,427,2,"2017-12-25 10:30:00","2017-12-25 14:30:00",1,""
43965,2,106,2,"2017-12-27 12:00:00","2017-12-27 15:00:00",1,""
43966,2,106,2,"2017-12-29 12:00:00","2017-12-29 15:00:00",1,""
43967,2,556,2,"2017-12-28 12:00:00","2017-12-28 15:00:00",1,""
43968,2,556,2,"2017-12-28 17:30:00","2017-12-29 01:00:00",1,""
43969,2,556,2,"2017-12-29 17:30:00","2017-12-29 23:30:00",1,""
43970,2,554,2,"2017-12-28 10:00:00","2017-12-28 14:30:00",1,""
43971,2,641,2,"2017-12-29 17:00:00","2017-12-30 00:30:00",1,""
43972,2,617,2,"2017-12-30 10:00:00","2017-12-30 15:30:00",1,""
43973,2,617,2,"2017-12-30 17:00:00","2017-12-30 22:00:00",1,""
43974,2,657,2,"2017-12-27 17:30:00","2017-12-28 00:00:00",1,""
43976,2,657,2,"2017-12-31 10:30:00","2017-12-31 15:00:00",1,"由于晚上不忙"
43978,1,651,8,"2017-12-23 12:00:00","2017-12-23 19:00:00",0,""
43979,3,622,4,"2017-12-30 17:00:00","2017-12-30 22:30:00",0,""
43980,3,647,8,"2017-12-31 15:00:00","2017-12-31 23:00:00",0,""
43981,3,235,2,"2017-12-27 11:00:00","2017-12-27 15:00:00",0,""
43982,4,672,2,"2017-12-18 22:00:00","2017-12-19 04:00:00",0,""
43983,2,641,2,"2017-12-21 16:15:00","2017-12-22 00:00:00",0,""
43984,2,658,5,"2017-12-19 12:00:00","2017-12-19 15:00:00",0,""
43985,1,649,8,"2017-12-31 10:30:00","2017-12-31 20:00:00",1,""
43988,1,43,3,"2017-12-26 21:00:00","2017-12-27 05:00:00",0,""
43989,1,648,7,"2017-12-27 01:00:00","2017-12-27 07:00:00",0,""
43990,3,30,3,"2018-01-06 11:00:00","2018-01-06 23:00:00",1,""
43991,3,30,4,"2018-01-07 11:00:00","2018-01-07 21:30:00",1,""
43992,3,79,2,"2018-01-05 11:00:00","2018-01-05 15:00:00",1,""
43993,3,79,2,"2018-01-06 16:00:00","2018-01-06 21:00:00",1,""
43994,3,213,3,"2018-01-02 15:00:00","2018-01-02 23:00:00",1,""
43995,3,213,3,"2018-01-03 11:00:00","2018-01-03 23:00:00",1,""
43996,3,232,2,"2018-01-06 10:30:00","2018-01-06 15:00:00",1,""
43997,3,232,2,"2018-01-07 10:30:00","2018-01-07 15:00:00",1,""
43998,3,234,2,"2018-01-05 18:00:00","2018-01-05 23:00:00",1,""
43999,3,234,2,"2018-01-06 18:00:00","2018-01-06 23:00:00",1,""
44000,3,234,2,"2018-01-07 18:00:00","2018-01-07 23:00:00",1,""
44001,3,235,2,"2018-01-02 17:00:00","2018-01-02 22:00:00",1,""
44002,3,235,2,"2018-01-06 11:00:00","2018-01-06 16:00:00",1,""
44003,3,235,2,"2018-01-07 11:00:00","2018-01-07 21:00:00",1,""
44004,3,244,2,"2018-01-06 17:00:00","2018-01-06 22:00:00",1,""
44005,3,245,3,"2018-01-02 11:00:00","2018-01-02 15:00:00",1,""
44006,3,245,3,"2018-01-04 11:00:00","2018-01-04 23:00:00",1,""
44007,3,245,3,"2018-01-05 11:00:00","2018-01-05 23:00:00",1,""
44008,3,245,3,"2018-01-07 11:00:00","2018-01-07 23:00:00",1,""
44009,3,465,5,"2018-01-03 11:00:00","2018-01-03 15:00:00",1,""
44010,3,465,5,"2018-01-05 10:30:00","2018-01-05 15:00:00",1,""
44011,3,465,4,"2018-01-06 10:30:00","2018-01-06 21:30:00",1,""
44012,3,465,5,"2018-01-07 10:30:00","2018-01-07 22:30:00",1,""
44013,3,517,2,"2018-01-02 10:30:00","2018-01-02 21:00:00",1,""
44014,3,517,2,"2018-01-03 10:30:00","2018-01-03 21:00:00",1,""
44015,3,517,2,"2018-01-04 10:30:00","2018-01-04 16:00:00",1,""
44016,3,517,2,"2018-01-07 12:00:00","2018-01-07 22:00:00",1,""
44017,3,600,2,"2018-01-03 17:00:00","2018-01-03 23:00:00",1,""
44018,3,600,2,"2018-01-04 17:00:00","2018-01-04 22:00:00",1,""
44019,3,610,2,"2018-01-02 12:00:00","2018-01-02 23:00:00",1,""
44020,3,610,2,"2018-01-03 12:00:00","2018-01-03 22:00:00",1,""
44021,3,610,2,"2018-01-04 12:00:00","2018-01-04 23:00:00",1,""
44022,3,610,2,"2018-01-05 10:30:00","2018-01-05 21:00:00",1,""
44023,3,622,4,"2018-01-06 11:00:00","2018-01-06 22:30:00",1,""
44024,1,43,3,"2017-12-28 22:00:00","2017-12-29 05:00:00",0,""
44025,3,624,8,"2018-01-02 14:00:00","2018-01-02 23:00:00",1,""
44026,1,43,3,"2017-12-28 01:00:00","2017-12-28 05:00:00",0,""
44027,3,624,8,"2018-01-04 14:00:00","2018-01-04 23:00:00",1,""
44028,3,624,8,"2018-01-05 14:00:00","2018-01-05 23:00:00",1,""
44029,3,624,8,"2018-01-06 14:00:00","2018-01-06 23:00:00",1,""
44030,3,633,8,"2018-01-03 14:00:00","2018-01-03 23:00:00",1,""
44031,3,633,5,"2018-01-05 17:00:00","2018-01-05 22:30:00",1,""
44032,1,47,3,"2017-12-29 19:00:00","2017-12-30 05:00:00",0,""
44033,1,47,3,"2017-12-30 19:00:00","2017-12-31 05:00:00",0,""
44034,3,647,4,"2018-01-02 10:30:00","2018-01-02 15:00:00",1,""
44035,3,647,4,"2018-01-03 10:30:00","2018-01-03 21:30:00",1,""
44036,3,647,4,"2018-01-04 10:30:00","2018-01-04 21:30:00",1,""
44037,3,647,8,"2018-01-07 14:00:00","2018-01-07 23:00:00",1,""
44038,3,633,5,"2018-01-02 17:00:00","2018-01-02 22:30:00",1,""
44039,3,652,5,"2018-01-03 17:00:00","2018-01-03 22:30:00",1,""
44040,1,64,3,"2017-12-29 09:30:00","2017-12-29 19:00:00",0,""
44042,3,699,4,"2018-01-04 11:00:00","2018-01-04 22:30:00",1,""
44043,1,582,3,"2017-12-28 09:30:00","2017-12-28 22:00:00",0,""
44044,3,699,4,"2018-01-05 11:00:00","2018-01-05 21:30:00",1,""
44045,1,627,3,"2017-12-31 09:30:00","2017-12-31 18:00:00",0,""
44046,3,709,2,"2018-01-02 11:00:00","2018-01-02 15:00:00",1,""
44047,3,709,2,"2018-01-03 11:00:00","2018-01-03 15:00:00",1,""
44048,3,709,2,"2018-01-04 11:00:00","2018-01-04 21:00:00",1,""
44049,1,716,8,"2017-12-25 11:00:00","2017-12-25 23:00:00",0,""
44052,1,716,8,"2017-12-30 10:30:00","2017-12-30 22:30:00",0,""
44053,1,717,2,"2017-12-27 21:30:00","2017-12-28 03:30:00",0,""
44054,1,717,2,"2017-12-28 21:30:00","2017-12-29 01:00:00",0,""
44055,1,717,2,"2017-12-29 21:30:00","2017-12-30 01:00:00",0,""
44057,3,720,2,"2018-01-02 11:00:00","2018-01-02 17:00:00",1,""
44058,1,716,7,"2017-12-23 14:00:00","2017-12-23 21:30:00",0,""
44059,3,720,2,"2018-01-03 11:00:00","2018-01-03 17:00:00",1,""
44060,1,716,8,"2017-12-24 10:30:00","2017-12-24 21:30:00",0,""
44061,3,720,2,"2018-01-04 11:00:00","2018-01-04 17:00:00",1,""
44062,3,720,2,"2018-01-05 12:00:00","2018-01-05 22:00:00",1,""
44063,3,720,2,"2018-01-06 12:00:00","2018-01-06 17:00:00",1,""
44064,1,629,2,"2018-01-01 12:30:00","2018-01-01 22:00:00",0,""
44067,1,716,8,"2018-01-01 11:00:00","2018-01-01 21:30:00",0,""
44068,1,625,2,"2018-01-01 23:00:00","2018-01-02 07:00:00",0,""
44069,1,47,3,"2018-01-01 15:00:00","2018-01-01 22:00:00",0,""
44072,1,705,3,"2018-01-01 09:30:00","2018-01-01 16:00:00",0,""
44073,1,48,8,"2018-01-01 22:00:00","2018-01-02 05:00:00",0,""
44074,1,272,2,"2018-01-01 08:00:00","2018-01-01 14:00:00",0,""
44076,1,648,6,"2018-01-01 23:00:00","2018-01-02 09:30:00",0,""
44077,1,496,7,"2018-01-01 09:30:00","2018-01-01 15:30:00",0,""
44078,1,195,2,"2018-01-01 10:30:00","2018-01-01 17:00:00",0,""
44079,1,227,5,"2018-01-01 11:00:00","2018-01-01 21:00:00",0,""
44081,1,53,7,"2018-01-01 18:00:00","2018-01-01 23:00:00",0,""
44083,1,371,6,"2018-01-01 11:30:00","2018-01-01 23:00:00",0,""
44085,1,195,2,"2018-01-02 12:00:00","2018-01-02 17:00:00",0,""
44088,1,371,5,"2018-01-02 22:00:00","2018-01-03 09:30:00",0,""
44090,1,567,2,"2018-01-02 17:00:00","2018-01-02 23:00:00",0,""
44092,1,686,2,"2018-01-02 12:30:00","2018-01-02 22:00:00",0,""
44093,1,496,12,"2018-01-02 09:30:00","2018-01-02 14:30:00",0,""
44094,1,60,2,"2018-01-02 23:00:00","2018-01-03 08:00:00",0,""
44096,1,473,5,"2018-01-02 11:00:00","2018-01-02 22:00:00",0,""
44097,1,272,2,"2018-01-02 07:00:00","2018-01-02 14:00:00",0,""
44098,1,629,2,"2018-01-02 11:00:00","2018-01-02 15:00:00",0,""
44099,1,48,8,"2018-01-02 22:30:00","2018-01-03 05:00:00",0,""
44101,1,625,2,"2018-01-03 22:00:00","2018-01-04 07:00:00",0,""
44103,1,686,2,"2018-01-03 12:30:00","2018-01-03 18:00:00",0,""
44104,1,64,3,"2018-01-03 09:30:00","2018-01-03 20:00:00",0,""
44105,1,717,2,"2018-01-03 23:00:00","2018-01-04 06:00:00",0,""
44107,1,667,6,"2018-01-03 18:00:00","2018-01-03 23:00:00",0,""
44109,1,714,5,"2018-01-03 23:00:00","2018-01-04 07:30:00",0,""
44110,1,496,12,"2018-01-03 09:30:00","2018-01-03 14:30:00",0,""
44112,1,53,6,"2018-01-03 11:30:00","2018-01-03 20:00:00",0,""
44113,1,272,2,"2018-01-03 08:00:00","2018-01-03 14:00:00",0,""
44114,1,185,2,"2018-01-03 18:00:00","2018-01-04 01:00:00",0,""
44116,1,195,2,"2018-01-03 12:00:00","2018-01-03 17:00:00",0,""
44117,1,473,5,"2018-01-03 11:00:00","2018-01-03 23:00:00",0,""
44118,1,417,2,"2018-01-03 11:00:00","2018-01-03 15:00:00",0,""
44119,1,312,2,"2018-01-03 18:00:00","2018-01-03 23:00:00",0,""
44120,1,649,8,"2018-01-03 11:00:00","2018-01-03 19:00:00",0,""
44124,1,488,7,"2018-01-04 18:00:00","2018-01-05 01:00:00",0,""
44127,1,714,5,"2018-01-04 22:00:00","2018-01-05 07:30:00",0,""
44131,1,272,2,"2018-01-04 07:00:00","2018-01-04 14:00:00",0,""
44132,1,473,12,"2018-01-04 11:30:00","2018-01-04 22:00:00",0,""
44133,1,496,12,"2018-01-04 09:30:00","2018-01-04 14:30:00",0,""
44134,1,649,8,"2018-01-04 11:00:00","2018-01-04 19:00:00",0,""
44135,1,185,2,"2018-01-04 18:00:00","2018-01-05 01:00:00",0,""
44136,1,195,2,"2018-01-04 12:00:00","2018-01-04 17:00:00",0,""
44137,1,567,2,"2018-01-04 17:00:00","2018-01-04 23:00:00",0,""
44139,1,99,2,"2018-01-04 12:30:00","2018-01-04 22:00:00",0,""
44140,1,60,2,"2018-01-04 23:00:00","2018-01-05 07:00:00",0,""
44144,1,43,3,"2018-01-04 20:00:00","2018-01-05 05:00:00",0,""
44145,1,47,3,"2018-01-05 09:30:00","2018-01-05 19:00:00",0,""
44146,1,550,2,"2018-01-04 22:00:00","2018-01-05 05:00:00",0,""
44148,1,488,7,"2018-01-05 18:00:00","2018-01-06 02:00:00",0,""
44150,1,656,6,"2018-01-05 20:00:00","2018-01-06 06:00:00",0,""
44151,1,714,10,"2018-01-05 23:00:00","2018-01-06 07:30:00",0,""
44152,1,473,5,"2018-01-05 11:30:00","2018-01-05 22:00:00",0,""
44153,1,60,2,"2018-01-05 23:00:00","2018-01-06 08:00:00",0,""
44154,1,649,8,"2018-01-05 11:00:00","2018-01-05 19:00:00",0,""
44155,1,99,2,"2018-01-05 12:30:00","2018-01-05 22:00:00",0,""
44158,1,272,2,"2018-01-05 07:00:00","2018-01-05 14:00:00",0,""
44159,1,185,2,"2018-01-05 19:00:00","2018-01-06 02:00:00",0,""
44160,1,195,2,"2018-01-05 12:00:00","2018-01-05 17:00:00",0,""
44162,1,496,12,"2018-01-05 09:30:00","2018-01-05 14:30:00",0,""
44163,1,550,2,"2018-01-05 22:00:00","2018-01-06 05:00:00",0,""
44165,1,492,2,"2018-01-05 17:00:00","2018-01-05 22:00:00",0,""
44166,1,227,5,"2018-01-05 11:00:00","2018-01-05 23:00:00",0,""
44167,1,625,2,"2018-01-05 22:00:00","2018-01-06 06:00:00",0,""
44169,1,47,3,"2018-01-06 09:30:00","2018-01-06 19:00:00",0,""
44170,1,99,2,"2018-01-06 12:30:00","2018-01-06 22:00:00",0,""
44171,1,272,2,"2018-01-06 19:00:00","2018-01-07 02:00:00",0,""
44172,1,492,2,"2018-01-06 18:00:00","2018-01-06 23:00:00",0,""
44173,1,629,2,"2018-01-06 17:00:00","2018-01-06 23:00:00",0,""
44174,1,227,10,"2018-01-06 20:30:00","2018-01-07 08:00:00",0,""
44175,1,60,2,"2018-01-06 23:00:00","2018-01-07 08:00:00",0,""
44176,1,625,2,"2018-01-06 23:00:00","2018-01-07 06:00:00",0,""
44177,1,656,6,"2018-01-06 20:00:00","2018-01-07 06:00:00",0,""
44178,1,371,6,"2018-01-06 10:30:00","2018-01-06 23:30:00",0,""
44179,1,662,5,"2018-01-06 23:30:00","2018-01-07 09:30:00",0,""
44180,1,614,2,"2018-01-06 08:00:00","2018-01-06 15:00:00",0,""
44181,1,686,2,"2018-01-06 11:30:00","2018-01-06 19:00:00",0,""
44182,1,48,8,"2018-01-06 20:30:00","2018-01-07 07:00:00",0,""
44184,1,53,10,"2018-01-06 09:00:00","2018-01-06 15:00:00",0,""
44187,1,159,2,"2018-01-06 10:30:00","2018-01-06 17:00:00",0,""
44189,1,629,2,"2018-01-07 11:30:00","2018-01-07 19:00:00",0,""
44190,1,662,5,"2018-01-07 23:30:00","2018-01-08 09:30:00",0,""
44191,1,586,6,"2018-01-07 21:00:00","2018-01-08 01:00:00",0,""
44192,1,667,7,"2018-01-07 17:00:00","2018-01-07 23:00:00",0,""
44193,1,649,8,"2018-01-07 10:30:00","2018-01-07 20:00:00",0,""
44194,1,567,2,"2018-01-07 10:30:00","2018-01-07 17:00:00",0,""
44195,1,312,2,"2018-01-07 18:00:00","2018-01-08 02:00:00",0,""
44196,1,53,6,"2018-01-07 12:30:00","2018-01-07 21:00:00",0,""
44197,1,648,7,"2018-01-07 23:00:00","2018-01-08 08:00:00",0,""
44199,1,48,8,"2018-01-07 21:00:00","2018-01-08 05:00:00",0,""
44200,1,60,2,"2018-01-07 23:00:00","2018-01-08 08:00:00",0,""
44201,1,496,12,"2018-01-07 09:00:00","2018-01-07 15:00:00",0,""
44203,1,99,2,"2018-01-07 12:30:00","2018-01-07 22:00:00",0,""
44204,1,371,10,"2018-01-07 10:30:00","2018-01-07 23:30:00",0,""
44205,1,195,2,"2018-01-07 17:00:00","2018-01-07 23:00:00",0,""
44206,1,417,2,"2018-01-07 08:00:00","2018-01-07 15:00:00",0,""
44207,1,47,3,"2018-01-07 09:30:00","2018-01-07 20:00:00",0,""
44208,1,43,3,"2018-01-08 00:00:00","2018-01-08 05:00:00",0,""
44209,1,99,2,"2018-01-01 17:00:00","2018-01-01 23:00:00",0,""
44211,1,185,2,"2018-01-02 18:00:00","2018-01-03 01:00:00",0,""
44212,1,717,2,"2018-01-01 22:00:00","2018-01-02 06:00:00",0,""
44213,1,717,2,"2018-01-02 22:00:00","2018-01-03 05:00:00",0,""
44214,1,717,2,"2018-01-06 22:00:00","2018-01-07 05:00:00",0,""
44215,1,717,2,"2018-01-07 22:00:00","2018-01-08 05:00:00",0,""
44216,1,686,2,"2018-01-04 11:00:00","2018-01-04 15:00:00",0,""
44217,1,686,2,"2018-01-05 11:00:00","2018-01-05 15:00:00",0,""
44218,1,614,2,"2018-01-03 17:00:00","2018-01-03 22:00:00",0,""
44219,1,614,2,"2018-01-05 18:00:00","2018-01-05 23:00:00",0,""
44220,2,486,3,"2017-12-28 10:30:00","2017-12-28 15:00:00",0,"提早半小时上班"
44221,2,679,5,"2017-12-28 10:30:00","2017-12-28 22:00:00",0,"替陈隆菊的班，由于她生病了"
44222,2,657,2,"2017-12-26 17:00:00","2017-12-26 21:30:00",0,"替梅经理的班"
44223,2,556,2,"2017-12-29 12:00:00","2017-12-29 15:00:00",0,""
44224,3,652,5,"2018-01-02 11:00:00","2018-01-02 21:30:00",1,""
44226,1,43,3,"2018-01-01 22:00:00","2018-01-02 05:00:00",0,""
44227,1,43,3,"2018-01-03 20:00:00","2018-01-04 05:00:00",0,""
44228,1,43,3,"2018-01-06 19:00:00","2018-01-07 05:00:00",0,""
44229,1,43,3,"2018-01-07 20:00:00","2018-01-08 05:00:00",0,""
44230,1,47,3,"2018-01-02 15:00:00","2018-01-02 22:00:00",0,""
44231,1,48,8,"2018-01-05 19:00:00","2018-01-06 07:00:00",0,""
44232,1,64,3,"2018-01-04 15:00:00","2018-01-04 20:00:00",0,""
44233,1,227,6,"2018-01-03 23:00:00","2018-01-04 09:30:00",0,""
44234,1,371,6,"2018-01-04 11:00:00","2018-01-04 23:00:00",0,""
44235,1,488,7,"2018-01-01 21:00:00","2018-01-02 01:00:00",0,""
44236,1,488,12,"2018-01-03 20:00:00","2018-01-04 01:00:00",0,""
44237,1,488,7,"2018-01-06 20:00:00","2018-01-07 02:00:00",0,""
44238,1,605,7,"2018-01-07 11:30:00","2018-01-07 17:00:00",0,""
44239,1,627,3,"2018-01-01 09:30:00","2018-01-01 15:00:00",0,""
44240,1,627,3,"2018-01-02 09:30:00","2018-01-02 15:00:00",0,""
44241,1,627,3,"2018-01-04 09:30:00","2018-01-04 15:00:00",0,""
44242,1,648,6,"2018-01-04 23:00:00","2018-01-05 09:30:00",0,""
44243,1,648,6,"2018-01-05 22:00:00","2018-01-06 09:30:00",0,""
44244,1,649,8,"2018-01-06 10:30:00","2018-01-06 20:30:00",0,""
44245,1,651,6,"2018-01-02 11:30:00","2018-01-02 23:00:00",0,""
44246,1,651,7,"2018-01-06 12:30:00","2018-01-06 20:00:00",0,""
44247,1,667,6,"2018-01-02 18:00:00","2018-01-03 01:00:00",0,""
44248,1,714,5,"2018-01-01 23:00:00","2018-01-02 07:30:00",0,""
44249,1,714,5,"2018-01-02 23:00:00","2018-01-03 07:30:00",0,""
44250,1,680,3,"2018-01-05 19:00:00","2018-01-06 05:00:00",0,""
44251,1,716,8,"2018-01-02 11:00:00","2018-01-02 22:00:00",0,""
44252,1,716,8,"2018-01-03 19:30:00","2018-01-04 05:00:00",0,""
44253,1,716,8,"2018-01-04 19:30:00","2018-01-05 05:00:00",0,""
44254,1,712,3,"2018-01-02 22:00:00","2018-01-03 05:00:00",0,""
44255,1,312,2,"2018-01-01 18:00:00","2018-01-02 02:00:00",0,""
44256,0,565,4,"2017-12-25 09:00:00","2017-12-25 17:00:00",0,""
44257,0,204,4,"2017-12-25 09:00:00","2017-12-25 17:00:00",0,""
44258,0,189,4,"2017-12-25 08:00:00","2017-12-25 16:00:00",0,""
44259,0,491,4,"2017-12-25 09:00:00","2017-12-25 18:00:00",0,""
44260,0,26,4,"2017-12-25 09:30:00","2017-12-25 17:30:00",0,""
44261,0,16,4,"2017-12-25 08:30:00","2017-12-25 17:30:00",0,""
44262,0,147,4,"2017-12-25 09:00:00","2017-12-25 18:00:00",0,""
44263,0,603,4,"2017-12-25 09:00:00","2017-12-25 18:00:00",0,""
44264,0,688,4,"2017-12-25 11:00:00","2017-12-25 18:00:00",0,""
44265,0,19,4,"2017-12-25 09:00:00","2017-12-25 18:00:00",0,""
44266,0,145,4,"2017-12-25 08:30:00","2017-12-25 16:30:00",0,""
44267,0,665,4,"2017-12-25 10:00:00","2017-12-25 18:00:00",0,""
44268,0,18,4,"2017-12-26 08:30:00","2017-12-26 16:30:00",0,""
44269,0,189,4,"2017-12-26 08:00:00","2017-12-26 16:00:00",0,""
44270,0,26,4,"2017-12-26 09:30:00","2017-12-26 17:30:00",0,""
44271,0,491,4,"2017-12-26 09:00:00","2017-12-26 18:00:00",0,""
44272,0,147,4,"2017-12-26 09:00:00","2017-12-26 18:00:00",0,""
44273,0,146,4,"2017-12-26 10:00:00","2017-12-26 18:00:00",0,""
44274,0,16,4,"2017-12-26 08:30:00","2017-12-26 17:30:00",0,""
44275,0,19,4,"2017-12-26 09:00:00","2017-12-26 18:00:00",0,""
44276,0,688,4,"2017-12-26 11:00:00","2017-12-26 18:00:00",0,""
44277,0,204,4,"2017-12-26 09:00:00","2017-12-26 17:00:00",0,""
44278,0,603,4,"2017-12-27 09:00:00","2017-12-27 18:00:00",0,""
44279,0,665,4,"2017-12-27 10:00:00","2017-12-27 18:00:00",0,""
44280,0,19,4,"2017-12-27 09:00:00","2017-12-27 18:00:00",0,""
44281,0,189,4,"2017-12-27 08:00:00","2017-12-27 16:00:00",0,""
44282,0,204,4,"2017-12-27 09:00:00","2017-12-27 17:00:00",0,""
44283,0,688,4,"2017-12-27 11:00:00","2017-12-27 18:00:00",0,""
44284,0,491,4,"2017-12-27 09:00:00","2017-12-27 18:00:00",0,""
44285,0,146,4,"2017-12-27 10:00:00","2017-12-27 18:00:00",0,""
44286,0,565,4,"2017-12-27 09:00:00","2017-12-27 17:00:00",0,""
44287,0,145,4,"2017-12-27 09:00:00","2017-12-27 17:00:00",0,""
44288,0,18,4,"2017-12-27 08:30:00","2017-12-27 16:30:00",0,""
44289,0,16,4,"2017-12-28 08:30:00","2017-12-28 17:30:00",0,""
44290,0,146,4,"2017-12-28 08:00:00","2017-12-28 16:00:00",0,""
44291,0,26,4,"2017-12-28 09:30:00","2017-12-28 17:30:00",0,""
44292,0,603,4,"2017-12-28 09:00:00","2017-12-28 18:00:00",0,""
44293,0,147,4,"2017-12-28 09:00:00","2017-12-28 18:00:00",0,""
44294,0,145,4,"2017-12-28 09:00:00","2017-12-28 17:00:00",0,""
44295,0,665,4,"2017-12-28 10:00:00","2017-12-28 18:00:00",0,""
44296,0,688,4,"2017-12-28 11:00:00","2017-12-28 18:00:00",0,""
44297,0,18,4,"2017-12-28 08:30:00","2017-12-28 16:30:00",0,""
44298,0,565,4,"2017-12-28 09:00:00","2017-12-28 17:00:00",0,""
44300,0,16,4,"2017-12-29 08:30:00","2017-12-29 17:30:00",0,""
44301,0,204,4,"2017-12-29 09:00:00","2017-12-29 17:00:00",0,""
44302,0,491,4,"2017-12-29 09:00:00","2017-12-29 18:00:00",0,""
44303,0,189,4,"2017-12-29 08:00:00","2017-12-29 16:00:00",0,""
44304,0,19,4,"2017-12-29 10:00:00","2017-12-29 18:00:00",0,""
44305,0,603,4,"2017-12-29 09:00:00","2017-12-29 18:00:00",0,""
44306,0,147,4,"2017-12-29 09:00:00","2017-12-29 18:00:00",0,""
44307,0,145,4,"2017-12-29 09:00:00","2017-12-29 17:00:00",0,""
44308,0,565,4,"2017-12-29 09:00:00","2017-12-29 17:00:00",0,""
44309,0,26,4,"2017-12-29 09:30:00","2017-12-29 17:30:00",0,""
44310,0,146,4,"2017-12-29 10:00:00","2017-12-29 18:00:00",0,""
44311,0,688,4,"2017-12-29 11:00:00","2017-12-29 18:00:00",0,""
44312,0,665,4,"2017-12-29 10:00:00","2017-12-29 18:00:00",0,""
44313,0,18,4,"2017-12-29 08:30:00","2017-12-29 16:30:00",0,""
44314,0,204,4,"2017-12-30 09:00:00","2017-12-30 17:00:00",0,""
44315,0,147,4,"2017-12-30 09:00:00","2017-12-30 18:00:00",0,""
44316,0,491,4,"2017-12-30 09:00:00","2017-12-30 18:00:00",0,""
44317,0,146,4,"2017-12-30 10:00:00","2017-12-30 18:00:00",0,""
44318,0,18,4,"2017-12-30 08:30:00","2017-12-30 16:30:00",0,""
44319,0,16,4,"2017-12-30 08:30:00","2017-12-30 17:30:00",0,""
44320,0,189,4,"2017-12-30 08:00:00","2017-12-30 16:00:00",0,""
44321,0,603,4,"2017-12-30 09:00:00","2017-12-30 18:00:00",0,""
44322,0,19,4,"2017-12-30 10:00:00","2017-12-30 18:00:00",0,""
44323,0,26,4,"2017-12-30 09:30:00","2017-12-30 17:30:00",0,""
44324,0,688,4,"2017-12-30 11:00:00","2017-12-30 18:00:00",0,""
44325,0,145,4,"2017-12-30 09:00:00","2017-12-30 17:00:00",0,""
44326,0,665,4,"2017-12-30 10:00:00","2017-12-30 18:00:00",0,""
44327,0,19,4,"2017-12-31 10:00:00","2017-12-31 18:00:00",0,""
44328,0,491,4,"2017-12-31 09:00:00","2017-12-31 18:00:00",0,""
44329,0,145,4,"2017-12-31 09:00:00","2017-12-31 17:00:00",0,""
44330,0,189,4,"2017-12-31 08:00:00","2017-12-31 16:00:00",0,""
44331,0,146,4,"2017-12-31 10:00:00","2017-12-31 18:00:00",0,""
44332,0,147,4,"2017-12-31 09:00:00","2017-12-31 18:00:00",0,""
44333,0,16,4,"2017-12-31 08:30:00","2017-12-31 17:30:00",0,""
44334,0,204,4,"2017-12-31 09:00:00","2017-12-31 17:00:00",0,""
44335,0,603,4,"2017-12-31 09:00:00","2017-12-31 18:00:00",0,""
44336,0,565,4,"2017-12-31 09:00:00","2017-12-31 17:00:00",0,""
44337,0,26,4,"2017-12-31 09:30:00","2017-12-31 17:30:00",0,""
44338,0,18,4,"2017-12-31 08:30:00","2017-12-31 16:30:00",0,""
44339,0,665,4,"2017-12-31 10:00:00","2017-12-31 18:00:00",0,""
44340,0,365,4,"2017-12-28 10:00:00","2017-12-28 18:00:00",0,""
44341,0,365,4,"2017-12-29 10:00:00","2017-12-29 18:00:00",0,""
44342,1,64,5,"2018-01-06 11:30:00","2018-01-06 23:00:00",0,""
44343,0,365,4,"2017-12-30 10:00:00","2017-12-30 18:00:00",0,""
44344,0,365,4,"2017-12-31 10:00:00","2017-12-31 18:00:00",0,""
44345,1,716,4,"2017-12-31 19:00:00","2017-12-31 23:00:00",0,""
44346,4,551,5,"2018-01-01 22:00:00","2018-01-02 08:00:00",0,""
44347,4,483,4,"2018-01-01 08:00:00","2018-01-01 14:30:00",0,""
44348,4,646,8,"2018-01-01 11:00:00","2018-01-01 15:00:00",0,""
44349,4,630,2,"2018-01-02 08:00:00","2018-01-02 13:30:00",0,""
44350,4,637,2,"2018-01-01 08:00:00","2018-01-01 14:00:00",0,""
44351,4,638,8,"2018-01-06 18:00:00","2018-01-07 00:00:00",0,""
44352,4,654,5,"2018-01-01 12:00:00","2018-01-01 22:00:00",0,""
44354,4,660,6,"2018-01-01 15:00:00","2018-01-01 22:00:00",0,""
44355,4,515,3,"2018-01-01 21:00:00","2018-01-02 05:00:00",0,""
44359,4,551,5,"2018-01-02 22:00:00","2018-01-03 08:00:00",0,""
44364,4,557,2,"2018-01-02 22:00:00","2018-01-03 08:00:00",0,""
44365,4,403,3,"2018-01-02 08:00:00","2018-01-02 20:00:00",0,""
44367,4,660,8,"2018-01-04 18:30:00","2018-01-04 23:00:00",0,""
44368,4,599,2,"2018-01-02 18:30:00","2018-01-03 01:00:00",0,""
44369,4,660,8,"2018-01-04 11:00:00","2018-01-04 15:00:00",0,""
44371,4,638,6,"2018-01-03 21:00:00","2018-01-04 03:30:00",0,""
44375,4,403,3,"2018-01-03 11:00:00","2018-01-03 21:00:00",0,""
44378,4,483,4,"2018-01-03 08:00:00","2018-01-03 14:30:00",0,""
44379,4,323,5,"2018-01-03 22:00:00","2018-01-04 08:00:00",0,""
44380,4,515,3,"2018-01-03 21:00:00","2018-01-04 05:00:00",0,""
44381,4,660,6,"2018-01-03 14:30:00","2018-01-03 21:00:00",0,""
44383,4,654,5,"2018-01-04 12:00:00","2018-01-04 22:00:00",0,""
44386,4,692,2,"2018-01-03 22:00:00","2018-01-04 08:00:00",0,""
44387,4,630,2,"2018-01-04 08:00:00","2018-01-04 18:00:00",0,""
44388,4,515,3,"2018-01-04 21:00:00","2018-01-05 05:00:00",0,""
44389,4,557,2,"2018-01-04 18:00:00","2018-01-05 01:00:00",0,""
44390,4,483,4,"2018-01-04 08:00:00","2018-01-04 14:30:00",0,""
44392,4,323,5,"2018-01-04 22:00:00","2018-01-05 08:00:00",0,""
44393,4,638,6,"2018-01-04 21:00:00","2018-01-05 03:30:00",0,""
44395,4,630,2,"2018-01-03 08:00:00","2018-01-03 13:30:00",0,""
44396,4,638,8,"2018-01-05 18:30:00","2018-01-06 00:00:00",0,""
44398,4,403,3,"2018-01-04 11:00:00","2018-01-04 21:00:00",0,""
44399,4,577,3,"2018-01-05 11:00:00","2018-01-05 21:00:00",0,""
44400,4,646,4,"2018-01-05 08:00:00","2018-01-05 14:30:00",0,""
44401,4,515,3,"2018-01-05 21:00:00","2018-01-06 05:00:00",0,""
44403,4,635,5,"2018-01-05 12:00:00","2018-01-05 22:00:00",0,""
44404,4,599,2,"2018-01-05 18:00:00","2018-01-06 00:00:00",0,""
44406,4,323,5,"2018-01-05 22:00:00","2018-01-06 08:00:00",0,""
44407,4,637,2,"2018-01-06 16:00:00","2018-01-06 22:00:00",0,""
44408,4,707,6,"2018-01-05 23:00:00","2018-01-06 06:00:00",0,""
44411,4,635,5,"2018-01-06 12:00:00","2018-01-06 22:00:00",0,""
44412,4,599,2,"2018-01-06 18:00:00","2018-01-07 00:00:00",0,""
44413,4,323,5,"2018-01-06 22:00:00","2018-01-07 08:00:00",0,""
44414,4,403,3,"2018-01-06 20:00:00","2018-01-07 05:00:00",0,""
44418,4,577,3,"2018-01-06 10:00:00","2018-01-06 20:00:00",0,""
44419,4,630,2,"2018-01-07 08:00:00","2018-01-07 14:30:00",0,""
44420,4,621,2,"2018-01-06 21:00:00","2018-01-07 04:00:00",0,""
44421,4,483,4,"2018-01-06 08:00:00","2018-01-06 14:00:00",0,""
44423,4,660,6,"2018-01-06 14:00:00","2018-01-06 23:00:00",0,""
44424,4,672,2,"2018-01-06 11:00:00","2018-01-06 16:00:00",0,""
44425,4,672,2,"2018-01-07 17:00:00","2018-01-07 22:00:00",0,""
44426,4,638,8,"2018-01-07 18:00:00","2018-01-07 23:00:00",0,""
44427,4,483,4,"2018-01-07 08:00:00","2018-01-07 14:00:00",0,""
44428,4,637,2,"2018-01-07 11:00:00","2018-01-07 17:00:00",0,""
44430,4,551,5,"2018-01-07 22:00:00","2018-01-08 08:00:00",0,""
44431,4,577,3,"2018-01-07 10:00:00","2018-01-07 20:00:00",0,""
44433,4,654,6,"2018-01-07 14:00:00","2018-01-07 22:00:00",0,""
44434,4,621,6,"2018-01-07 22:00:00","2018-01-08 03:30:00",0,""
44436,4,660,8,"2018-01-07 11:00:00","2018-01-07 16:00:00",0,""
44437,4,599,2,"2018-01-07 18:00:00","2018-01-08 00:00:00",0,""
44438,4,635,5,"2018-01-07 12:00:00","2018-01-07 22:00:00",0,""
44439,4,557,2,"2018-01-08 00:00:00","2018-01-08 08:00:00",0,""
44440,4,692,2,"2018-01-08 00:00:00","2018-01-08 08:00:00",0,""
44441,4,405,2,"2018-01-05 08:00:00","2018-01-05 14:00:00",0,""
44442,4,405,2,"2018-01-06 08:00:00","2018-01-06 14:30:00",0,""
44443,4,421,2,"2018-01-02 12:00:00","2018-01-02 21:00:00",0,""
44444,4,421,2,"2018-01-03 12:00:00","2018-01-03 21:00:00",0,""
44447,4,515,3,"2018-01-07 21:00:00","2018-01-08 05:00:00",0,""
44448,4,549,6,"2018-01-01 22:00:00","2018-01-02 03:30:00",0,""
44449,4,549,8,"2018-01-02 18:30:00","2018-01-02 23:00:00",0,""
44450,4,549,6,"2018-01-06 23:00:00","2018-01-07 06:00:00",0,""
44451,4,551,2,"2018-01-05 23:59:00","2018-01-06 08:00:00",0,""
44452,4,551,2,"2018-01-06 23:59:00","2018-01-07 08:00:00",0,""
44453,4,577,3,"2018-01-01 11:00:00","2018-01-01 21:00:00",0,""
44454,4,599,2,"2018-01-01 17:00:00","2018-01-02 00:00:00",0,""
44455,4,621,2,"2018-01-01 18:00:00","2018-01-02 01:30:00",0,""
44456,4,635,8,"2018-01-01 18:00:00","2018-01-01 23:00:00",0,""
44457,4,635,5,"2018-01-02 12:00:00","2018-01-02 22:00:00",0,""
44458,4,654,8,"2018-01-02 11:00:00","2018-01-02 15:00:00",0,""
44459,4,654,5,"2018-01-03 12:00:00","2018-01-03 22:00:00",0,""
44460,4,660,6,"2018-01-05 16:00:00","2018-01-05 23:00:00",0,""
44461,4,690,2,"2018-01-03 18:30:00","2018-01-04 01:00:00",0,""
44462,4,690,2,"2018-01-04 22:00:00","2018-01-05 08:00:00",0,""
44463,4,690,2,"2018-01-05 20:00:00","2018-01-06 04:00:00",0,""
44464,4,692,2,"2018-01-07 23:59:00","2018-01-08 08:00:00",0,""
44465,4,693,2,"2018-01-01 11:00:00","2018-01-01 17:00:00",0,""
44466,4,693,2,"2018-01-05 12:00:00","2018-01-05 20:00:00",0,""
44467,4,621,6,"2018-01-02 21:00:00","2018-01-03 03:30:00",0,""
44468,4,636,3,"2018-01-02 20:00:00","2018-01-03 05:00:00",0,""
44470,2,641,2,"2018-01-01 10:00:00","2018-01-01 15:00:00",0,""
44471,2,486,3,"2018-01-01 18:00:00","2018-01-02 01:00:00",0,""
44472,2,658,5,"2018-01-01 17:30:00","2018-01-01 20:45:00",0,""
44473,2,682,7,"2018-01-01 10:30:00","2018-01-01 15:30:00",0,""
44474,2,671,8,"2018-01-01 11:00:00","2018-01-01 23:00:00",0,""
44475,2,101,2,"2018-01-01 11:30:00","2018-01-01 15:00:00",0,""
44476,2,97,2,"2018-01-01 10:30:00","2018-01-01 14:30:00",0,""
44477,2,96,3,"2018-01-01 11:00:00","2018-01-01 20:30:00",0,""
44478,2,471,2,"2018-01-01 18:00:00","2018-01-02 01:00:00",0,""
44479,2,650,5,"2018-01-01 20:45:00","2018-01-01 23:30:00",0,""
44481,2,94,2,"2018-01-01 12:00:00","2018-01-01 15:30:00",0,""
44482,2,95,11,"2018-01-01 10:00:00","2018-01-01 14:30:00",0,""
44485,2,427,2,"2018-01-01 11:00:00","2018-01-01 15:30:00",0,""
44489,2,101,2,"2018-01-02 10:30:00","2018-01-02 15:00:00",0,""
44490,2,682,7,"2018-01-02 10:30:00","2018-01-02 14:45:00",0,""
44491,2,657,2,"2018-01-02 17:30:00","2018-01-02 21:30:00",0,""
44492,2,427,2,"2018-01-02 12:30:00","2018-01-02 15:00:00",0,""
44494,2,94,2,"2018-01-02 18:00:00","2018-01-03 00:00:00",0,""
44495,2,679,5,"2018-01-02 10:00:00","2018-01-02 15:00:00",0,""
44496,2,112,3,"2018-01-02 18:30:00","2018-01-03 01:00:00",0,""
44497,2,471,2,"2018-01-02 18:00:00","2018-01-03 01:00:00",0,""
44498,2,97,2,"2018-01-02 10:00:00","2018-01-02 14:30:00",0,""
44499,2,91,11,"2018-01-02 10:30:00","2018-01-02 14:30:00",0,""
44500,2,254,10,"2018-01-02 18:00:00","2018-01-03 01:00:00",0,""
44501,2,658,5,"2018-01-02 11:30:00","2018-01-02 15:30:00",0,""
44502,2,112,3,"2018-01-03 18:30:00","2018-01-04 01:00:00",0,""
44503,2,254,10,"2018-01-03 18:00:00","2018-01-04 01:00:00",0,""
44504,2,650,6,"2018-01-03 11:00:00","2018-01-03 15:30:00",0,""
44508,2,657,2,"2018-01-03 17:30:00","2018-01-04 00:00:00",0,""
44510,2,106,2,"2018-01-03 12:00:00","2018-01-03 15:00:00",0,""
44511,2,97,2,"2018-01-03 10:00:00","2018-01-03 15:00:00",0,""
44512,2,641,2,"2018-01-03 11:30:00","2018-01-03 15:30:00",0,""
44513,2,471,2,"2018-01-03 18:00:00","2018-01-04 01:00:00",0,""
44514,2,682,7,"2018-01-03 10:30:00","2018-01-03 15:00:00",0,""
44515,2,556,2,"2018-01-03 12:30:00","2018-01-03 15:00:00",0,""
44516,2,664,8,"2018-01-03 11:00:00","2018-01-03 23:00:00",0,""
44519,2,91,11,"2018-01-03 10:30:00","2018-01-03 14:30:00",0,""
44520,2,679,5,"2018-01-03 10:00:00","2018-01-03 14:45:00",0,""
44523,2,682,7,"2018-01-04 11:30:00","2018-01-04 14:30:00",0,""
44524,2,679,5,"2018-01-04 10:00:00","2018-01-04 14:45:00",0,""
44525,2,556,2,"2018-01-04 11:30:00","2018-01-04 15:00:00",0,""
44526,2,556,2,"2018-01-04 17:30:00","2018-01-05 01:00:00",0,""
44527,2,554,2,"2018-01-04 12:00:00","2018-01-04 15:00:00",0,""
44529,2,95,10,"2018-01-04 12:00:00","2018-01-04 15:00:00",0,""
44530,2,97,2,"2018-01-04 10:30:00","2018-01-04 15:30:00",0,""
44531,2,96,3,"2018-01-04 12:00:00","2018-01-04 18:00:00",0,""
44532,2,664,8,"2018-01-04 11:00:00","2018-01-04 23:00:00",0,""
44533,2,658,5,"2018-01-04 18:00:00","2018-01-04 20:30:00",0,""
44534,2,486,3,"2018-01-04 10:30:00","2018-01-04 15:00:00",0,""
44535,2,531,2,"2018-01-04 18:30:00","2018-01-05 00:00:00",0,""
44536,2,427,2,"2018-01-05 11:30:00","2018-01-05 14:30:00",0,""
44538,2,641,2,"2018-01-05 10:30:00","2018-01-05 15:30:00",0,""
44539,2,96,3,"2018-01-05 12:00:00","2018-01-05 20:30:00",0,""
44540,2,612,8,"2018-01-05 11:00:00","2018-01-05 15:00:00",0,""
44541,2,612,8,"2018-01-05 17:00:00","2018-01-06 00:00:00",0,""
44543,2,106,2,"2018-01-05 12:00:00","2018-01-05 15:00:00",0,""
44546,2,94,2,"2018-01-05 12:30:00","2018-01-05 15:00:00",0,""
44548,2,650,6,"2018-01-05 11:30:00","2018-01-05 15:00:00",0,""
44549,2,679,5,"2018-01-05 10:00:00","2018-01-05 14:45:00",0,""
44551,2,552,7,"2018-01-05 10:30:00","2018-01-05 15:30:00",0,""
44553,2,471,2,"2018-01-05 18:00:00","2018-01-06 01:00:00",0,""
44554,2,95,10,"2018-01-05 10:30:00","2018-01-05 14:30:00",0,""
44555,2,486,11,"2018-01-05 11:00:00","2018-01-05 15:00:00",0,""
44556,2,112,3,"2018-01-05 18:30:00","2018-01-06 01:00:00",0,""
44557,2,91,11,"2018-01-06 10:30:00","2018-01-06 15:30:00",0,""
44559,2,486,5,"2018-01-06 10:00:00","2018-01-06 15:00:00",0,""
44560,2,682,7,"2018-01-06 11:00:00","2018-01-06 15:00:00",0,""
44562,2,280,2,"2018-01-06 11:30:00","2018-01-06 15:00:00",0,""
44563,2,664,8,"2018-01-06 11:00:00","2018-01-06 15:00:00",0,""
44564,2,671,8,"2018-01-06 15:00:00","2018-01-06 23:30:00",0,""
44565,2,280,2,"2018-01-06 18:30:00","2018-01-07 01:00:00",0,""
44566,2,556,2,"2018-01-06 10:30:00","2018-01-06 15:00:00",0,""
44568,2,613,5,"2018-01-06 18:00:00","2018-01-07 01:00:00",0,""
44569,2,95,10,"2018-01-06 11:30:00","2018-01-06 15:30:00",0,""
44570,2,95,10,"2018-01-06 17:00:00","2018-01-06 22:30:00",0,""
44571,2,657,2,"2018-01-06 18:00:00","2018-01-06 23:30:00",0,""
44572,2,96,3,"2018-01-06 12:00:00","2018-01-07 01:00:00",0,""
44573,2,679,5,"2018-01-06 10:30:00","2018-01-06 15:00:00",0,""
44575,2,427,2,"2018-01-06 17:30:00","2018-01-07 00:30:00",0,""
44577,2,671,8,"2018-01-07 11:00:00","2018-01-07 23:00:00",0,""
44578,2,552,4,"2018-01-07 11:00:00","2018-01-07 15:30:00",0,""
44579,2,106,2,"2018-01-07 12:00:00","2018-01-07 15:00:00",0,""
44580,2,101,2,"2018-01-07 12:00:00","2018-01-07 15:00:00",0,""
44581,2,97,2,"2018-01-07 10:30:00","2018-01-07 15:30:00",0,""
44582,2,613,4,"2018-01-07 18:00:00","2018-01-07 23:30:00",0,""
44583,2,486,10,"2018-01-07 10:30:00","2018-01-07 15:00:00",0,""
44584,2,650,6,"2018-01-07 11:30:00","2018-01-07 15:00:00",0,""
44586,2,280,2,"2018-01-07 11:30:00","2018-01-07 15:00:00",0,""
44587,2,658,7,"2018-01-07 10:30:00","2018-01-07 15:00:00",0,""
44588,2,659,2,"2018-01-07 10:00:00","2018-01-07 14:30:00",0,""
44589,2,112,3,"2018-01-07 12:00:00","2018-01-08 01:30:00",0,""
44593,2,91,11,"2018-01-07 10:30:00","2018-01-07 14:30:00",0,""
44594,2,280,2,"2018-01-07 18:00:00","2018-01-08 01:00:00",0,""
44597,2,96,3,"2018-01-03 11:00:00","2018-01-03 18:30:00",0,""
44598,2,486,3,"2018-01-02 11:00:00","2018-01-02 21:30:00",0,""
44599,2,486,3,"2018-01-04 18:00:00","2018-01-05 01:00:00",0,""
44600,2,91,11,"2018-01-01 10:30:00","2018-01-01 15:00:00",0,""
44601,2,91,11,"2018-01-06 17:00:00","2018-01-06 21:30:00",0,""
44602,2,91,11,"2018-01-02 15:00:00","2018-01-02 20:30:00",0,""
44603,2,91,11,"2018-01-03 15:00:00","2018-01-03 20:30:00",0,""
44604,2,91,11,"2018-01-07 15:00:00","2018-01-07 20:30:00",0,""
44605,2,95,11,"2018-01-01 14:30:00","2018-01-01 17:00:00",0,""
44606,2,95,10,"2018-01-03 12:00:00","2018-01-03 15:00:00",0,""
44607,2,95,10,"2018-01-03 15:30:00","2018-01-03 21:30:00",0,""
44610,2,95,10,"2018-01-05 15:00:00","2018-01-05 21:00:00",0,""
44612,2,95,10,"2018-01-04 15:30:00","2018-01-04 21:00:00",0,""
44614,2,254,10,"2018-01-07 18:00:00","2018-01-08 01:00:00",0,""
44615,2,613,10,"2018-01-01 18:00:00","2018-01-01 23:00:00",0,""
44616,2,613,5,"2018-01-03 18:30:00","2018-01-03 23:30:00",0,""
44617,2,658,5,"2018-01-01 21:15:00","2018-01-02 01:00:00",0,""
44620,2,658,5,"2018-01-05 21:00:00","2018-01-06 00:30:00",0,""
44621,2,650,5,"2018-01-01 17:00:00","2018-01-01 20:15:00",0,""
44622,2,650,6,"2018-01-02 12:00:00","2018-01-02 15:00:00",0,""
44623,2,650,6,"2018-01-02 15:30:00","2018-01-02 23:30:00",0,""
44624,2,650,6,"2018-01-03 17:30:00","2018-01-03 22:30:00",0,""
44625,2,650,6,"2018-01-05 15:30:00","2018-01-05 18:00:00",0,""
44626,2,650,6,"2018-01-07 15:30:00","2018-01-07 22:00:00",0,""
44627,2,658,7,"2018-01-07 17:00:00","2018-01-07 21:30:00",0,""
44628,2,682,7,"2018-01-02 17:30:00","2018-01-02 22:30:00",0,""
44629,2,682,7,"2018-01-04 15:00:00","2018-01-04 22:00:00",0,""
44630,2,682,7,"2018-01-06 15:30:00","2018-01-06 22:30:00",0,""
44631,2,552,7,"2018-01-05 17:30:00","2018-01-05 22:30:00",0,""
44632,2,679,5,"2018-01-06 17:30:00","2018-01-07 00:30:00",0,""
44633,2,664,8,"2018-01-05 11:00:00","2018-01-05 15:00:00",0,""
44634,2,664,8,"2018-01-05 17:00:00","2018-01-06 00:00:00",0,""
44636,2,101,2,"2018-01-01 15:30:00","2018-01-01 21:30:00",0,""
44637,2,101,2,"2018-01-03 10:30:00","2018-01-03 14:30:00",0,""
44638,2,101,2,"2018-01-03 15:00:00","2018-01-03 20:30:00",0,""
44639,2,101,2,"2018-01-06 15:00:00","2018-01-06 22:00:00",0,""
44640,2,101,2,"2018-01-07 15:30:00","2018-01-07 22:30:00",0,""
44641,2,101,2,"2018-01-06 11:00:00","2018-01-06 14:30:00",0,""
44642,2,94,2,"2018-01-01 16:00:00","2018-01-01 22:00:00",0,""
44644,2,94,2,"2018-01-04 12:30:00","2018-01-04 15:00:00",0,""
44645,2,94,2,"2018-01-04 15:30:00","2018-01-04 22:00:00",0,""
44646,2,94,2,"2018-01-05 15:30:00","2018-01-05 22:00:00",0,""
44647,2,94,2,"2018-01-06 12:00:00","2018-01-06 15:30:00",0,""
44648,2,94,2,"2018-01-06 16:00:00","2018-01-06 22:30:00",0,""
44649,2,97,2,"2018-01-01 15:00:00","2018-01-01 20:30:00",0,""
44650,2,427,2,"2018-01-02 15:30:00","2018-01-02 22:30:00",0,""
44651,2,427,2,"2018-01-04 10:00:00","2018-01-04 14:30:00",0,""
44652,2,427,2,"2018-01-04 15:00:00","2018-01-04 20:30:00",0,""
44653,2,427,2,"2018-01-05 15:00:00","2018-01-05 21:30:00",0,""
44654,2,427,2,"2018-01-06 12:00:00","2018-01-06 15:30:00",0,""
44655,2,556,2,"2018-01-01 21:00:00","2018-01-02 00:00:00",0,""
44656,2,556,2,"2018-01-03 15:30:00","2018-01-03 22:30:00",0,""
44657,2,556,2,"2018-01-06 15:30:00","2018-01-06 21:00:00",0,""
44658,2,556,2,"2018-01-07 21:00:00","2018-01-08 01:00:00",0,""
44659,2,531,2,"2018-01-03 18:00:00","2018-01-03 22:30:00",0,""
44660,2,531,2,"2018-01-05 18:30:00","2018-01-06 00:30:00",0,""
44661,2,641,2,"2018-01-02 11:30:00","2018-01-02 14:30:00",0,""
44662,2,641,2,"2018-01-02 15:00:00","2018-01-02 20:30:00",0,""
44663,2,641,2,"2018-01-05 17:00:00","2018-01-05 23:30:00",0,""
44664,2,659,2,"2018-01-07 15:00:00","2018-01-07 20:30:00",0,""
44666,2,617,2,"2018-01-07 11:00:00","2018-01-07 15:30:00",0,""
44667,2,617,2,"2018-01-07 16:00:00","2018-01-07 21:30:00",0,""
44668,2,554,2,"2018-01-05 10:00:00","2018-01-05 14:30:00",0,""
44669,2,554,2,"2018-01-06 10:00:00","2018-01-06 15:00:00",0,""
44670,2,554,2,"2018-01-06 10:00:00","2018-01-06 15:00:00",0,""
44672,2,657,2,"2018-01-02 12:00:00","2018-01-02 15:30:00",0,""
44673,2,658,5,"2018-01-05 17:00:00","2018-01-05 20:30:00",0,""
44674,2,658,5,"2018-01-05 17:00:00","2018-01-05 20:30:00",0,""
44675,4,551,2,"2017-12-31 18:00:00","2018-01-01 05:00:00",1,""
44676,2,556,2,"2018-01-01 17:30:00","2018-01-01 20:30:00",0,""
44677,2,556,2,"2018-01-07 17:00:00","2018-01-07 20:30:00",0,""
44678,2,658,5,"2018-01-04 21:00:00","2018-01-05 01:00:00",0,""
44679,2,613,10,"2018-01-04 17:30:00","2018-01-04 23:30:00",0,""
44680,2,254,10,"2018-01-05 18:00:00","2018-01-06 01:00:00",0,""
44681,4,515,4,"2017-12-31 23:00:00","2018-01-01 06:00:00",0,""
44682,4,557,2,"2018-01-01 23:59:00","2018-01-02 08:00:00",0,""
44683,2,679,7,"2017-12-31 18:00:00","2017-12-31 21:30:00",0,""
44685,2,97,2,"2017-12-29 10:00:00","2017-12-29 14:30:00",0,""
